sweep_id,config,bootstrap,embedding,embedding_label,fold,n_per_half,pprop_edge,n_positive,positive_rate,knn_spearman,knn_pearson,knn_ap,knn_mae,ridge_spearman,ridge_pearson,ridge_ap,ridge_mae
lyc0lh2d,shared,shared,ecfp4,ecfp4,0,5000,3.5,51,0.0102,0.6522923088320292,0.6333711587674808,0.047201839508536195,0.5674181605457302,0.6868842766937395,0.6592972631808343,0.02984658242433802,0.5369952660908419
lyc0lh2d,shared,shared,ecfp4@pca32,ecfp4@pca32,0,5000,3.5,51,0.0102,0.602541232553303,0.5827316363409147,0.02164031773230053,0.562684563734877,0.5898368084065825,0.5643978662463507,0.02180387750277563,0.5694767416586336
lyc0lh2d,cfg0,boot00,vn03,VN 3,0,5000,3.5,51,0.0102,0.6561831380225296,0.6397966944323974,0.03374298485333342,0.5232501687080037,0.7288725097607738,0.7020018242984568,0.028531650811403,0.4768909080349014
lyc0lh2d,cfg0,boot00,vn03@pca32,vn03@pca32,0,5000,3.5,51,0.0102,0.6357857732045673,0.6217410543295813,0.034058627187398584,0.5329230375442112,0.6584588469393093,0.6292184415063105,0.02349641351003932,0.5300034094253604
lyc0lh2d,cfg0,boot00,vn06,VN 6,0,5000,3.5,51,0.0102,0.6880133206726222,0.6701657199094152,0.039777546690421314,0.5037086155572963,0.7482690842978001,0.7232814069917761,0.03501416743380552,0.4593511597868134
lyc0lh2d,cfg0,boot00,vn06@pca32,vn06@pca32,0,5000,3.5,51,0.0102,0.667521052882631,0.6520566669302428,0.03538800372515733,0.5144517951799377,0.6865799892680013,0.6581736844741773,0.029980830955400464,0.5086720658841001
lyc0lh2d,cfg0,boot00,vn09,VN 9,0,5000,3.5,51,0.0102,0.6958487597121175,0.6779927645393213,0.05201954082967026,0.49921922783752004,0.765835857766165,0.7415442864130193,0.04350688929081515,0.4448305636853942
lyc0lh2d,cfg0,boot00,vn09@pca32,vn09@pca32,0,5000,3.5,51,0.0102,0.6767901195581263,0.6607528315585838,0.037761593864238274,0.5093086411024874,0.6942966301159064,0.6655936258967035,0.03339059258346605,0.5030454722750863
lyc0lh2d,cfg0,boot00,vn12,VN 12,0,5000,3.5,51,0.0102,0.709490562096853,0.6916612191855456,0.049480878797620614,0.4904987527842839,0.7813802504663796,0.7590272739603285,0.05333604585947711,0.43170818981634507
lyc0lh2d,cfg0,boot00,vn12@pca32,vn12@pca32,0,5000,3.5,51,0.0102,0.6904637686264024,0.6747713752672444,0.0395402168999161,0.4999434283883265,0.7037350781289371,0.675922952933053,0.04087732442635983,0.49585481797332204
lyc0lh2d,cfg0,boot00,vn15,VN 15,0,5000,3.5,51,0.0102,0.7201466733013278,0.7027170299693873,0.050630859064522055,0.4814856377124279,0.7899088375891025,0.7687435026923963,0.05598238765280517,0.4225025908039788
lyc0lh2d,cfg0,boot00,vn15@pca32,vn15@pca32,0,5000,3.5,51,0.0102,0.7020061428375564,0.6870630425545423,0.039890042365034045,0.4914148231293157,0.7153233097002445,0.6883851732188895,0.04073718507394085,0.486660663340975
lyc0lh2d,cfg0,boot00,pooled512,Pooled embedding,0,5000,3.5,51,0.0102,0.8457853461619458,0.8438727747570622,0.16948639647863933,0.34629971878508115,0.8545331248533117,0.8485330128459901,0.21074514406564437,0.3404292867379316
lyc0lh2d,cfg0,boot00,pooled512@pca32,pooled512@pca32,0,5000,3.5,51,0.0102,0.8403145486965492,0.8413333845158215,0.17202502450924573,0.34946248634606436,0.8538482216890662,0.8491298174235478,0.18354107926792088,0.3402535877116204
lyc0lh2d,cfg0,boot00,pooled+vn15,pooled+vn15,0,5000,3.5,51,0.0102,0.8141765582992235,0.8115773074093524,0.07447987564084504,0.3794889799040955,0.8569500794568741,0.851263922002463,0.2023443563379872,0.33761837038460285
lyc0lh2d,cfg0,boot00,pooled+vn15@pca32,pooled+vn15@pca32,0,5000,3.5,51,0.0102,0.816328574574365,0.8132469694104241,0.08181824327504235,0.3792597063636708,0.8276540537960047,0.82218371928452,0.1118720416269943,0.3720133839040406
lyc0lh2d,cfg0,boot00,pooled@scaled,pooled@scaled,0,5000,3.5,51,0.0102,0.8366261450289423,0.835304295870344,0.1234506815201436,0.35440851892988967,0.8592079723775289,0.8537821854500238,0.2206390484641045,0.3335753628129261
lyc0lh2d,cfg0,boot00,pooled@scaled@pca32,pooled@scaled@pca32,0,5000,3.5,51,0.0102,0.8357965901852673,0.8366792242052281,0.13235247884672377,0.3541824862755765,0.8380525321058183,0.8330282691644781,0.11857903287268998,0.3607194888770987
lyc0lh2d,cfg0,boot00,pooled+randproj,pooled+randproj,0,5000,3.5,51,0.0102,0.8437501459849693,0.8414222942999321,0.154399310612131,0.34884842432146623,0.8588422913307945,0.8533445080326234,0.21618870790011183,0.3340398541593864
lyc0lh2d,cfg0,boot00,pooled+randproj@pca32,pooled+randproj@pca32,0,5000,3.5,51,0.0102,0.8382722463754708,0.8401973425706393,0.16923802075698838,0.35167756183429477,0.8468500616494052,0.8422956621278023,0.17789113133487533,0.34798477677192907
lyc0lh2d,cfg0,boot00,z,z,0,5000,3.5,51,0.0102,0.8618410982730453,0.8586259891743271,0.22017868111503305,0.32777065549521134,0.8544116845296801,0.8467521670843725,0.16846224452179698,0.3407460680954947
lyc0lh2d,cfg0,boot00,z@pca32,z@pca32,0,5000,3.5,51,0.0102,0.8613528324114503,0.8587250503667494,0.22110694789163182,0.3275429139054089,0.869285368862583,0.8651433141400955,0.24389883003889462,0.3173458506402974
lyc0lh2d,cfg0,boot00,pred1,pred1,0,5000,3.5,51,0.0102,0.8206972035765898,0.8046552748502234,0.07779646936092535,0.38714343350407543,0.8686960538744257,0.8595961276399151,0.24476863524322445,0.3223113570782493
lyc0lh2d,cfg0,boot01,vn03,VN 3,0,5000,3.5,51,0.0102,0.6606335310348641,0.6452384450663321,0.03066687122184779,0.5204359897385062,0.741310360138554,0.7166614129679505,0.02923221537934502,0.4647721982335954
lyc0lh2d,cfg0,boot01,vn03@pca32,vn03@pca32,0,5000,3.5,51,0.0102,0.6382615497225701,0.6247767131570199,0.02990889557096167,0.5314384975299776,0.6563955076007865,0.627724769636324,0.0220127467089168,0.5286793464526516
lyc0lh2d,cfg0,boot01,vn06,VN 6,0,5000,3.5,51,0.0102,0.6945851502836295,0.6766777339679406,0.05081473656856963,0.5018599864921109,0.7571852672642447,0.7334203872652901,0.03683634622786023,0.4522492120168583
lyc0lh2d,cfg0,boot01,vn06@pca32,vn06@pca32,0,5000,3.5,51,0.0102,0.6706190545038502,0.6548333397068209,0.037395315502307395,0.5156827781179572,0.6886475123367923,0.6593680992892113,0.027977101368371237,0.5084901489042191
lyc0lh2d,cfg0,boot01,vn09,VN 9,0,5000,3.5,51,0.0102,0.7044021471166116,0.6859950502252359,0.03866103088640788,0.4957210049095322,0.7680778159179681,0.7450960851471395,0.03423206001791089,0.44319236158475134
lyc0lh2d,cfg0,boot01,vn09@pca32,vn09@pca32,0,5000,3.5,51,0.0102,0.6846181903950455,0.6672870130160877,0.036777237328555874,0.5063327796249708,0.7031338793345312,0.6733321684268918,0.027596223235679722,0.49799995238460615
lyc0lh2d,cfg0,boot01,vn12,VN 12,0,5000,3.5,51,0.0102,0.7124989741470629,0.6936123845067405,0.04728724050277779,0.4914393401528445,0.7775085550294611,0.7552581076573213,0.03389942010168921,0.43517351722270703
lyc0lh2d,cfg0,boot01,vn12@pca32,vn12@pca32,0,5000,3.5,51,0.0102,0.6903151390452682,0.6738983639183376,0.04586771835163811,0.5028756043121003,0.7152296670385505,0.6858641884317085,0.027404155164790292,0.488887686445844
lyc0lh2d,cfg0,boot01,vn15,VN 15,0,5000,3.5,51,0.0102,0.7193366935566998,0.7001073601183435,0.04524407685679398,0.48675265791324307,0.7842943020426006,0.7629446762735538,0.035655427937583924,0.4275871784308073
lyc0lh2d,cfg0,boot01,vn15@pca32,vn15@pca32,0,5000,3.5,51,0.0102,0.6988471380552804,0.682119397017918,0.04051329786617139,0.49744460413732816,0.7252993991643888,0.696482440052561,0.026756808010812733,0.48062837532501057
lyc0lh2d,cfg0,boot01,pooled512,Pooled embedding,0,5000,3.5,51,0.0102,0.8464601279787645,0.8425835046334627,0.1335466754968313,0.3476401453099898,0.8524585996888008,0.8449164905319904,0.13272744231968608,0.3461827673414424
lyc0lh2d,cfg0,boot01,pooled512@pca32,pooled512@pca32,0,5000,3.5,51,0.0102,0.841686457684321,0.8401435722207349,0.10689608745435247,0.3504816190420035,0.84838650352002,0.8432382863447742,0.11630983511285761,0.3465220369787963
lyc0lh2d,cfg0,boot01,pooled+vn15,pooled+vn15,0,5000,3.5,51,0.0102,0.8184191283172242,0.8129382542018813,0.06264398582860609,0.3779341992682052,0.8546956311817974,0.8481804225699048,0.15362640294805893,0.34062549707602346
lyc0lh2d,cfg0,boot01,pooled+vn15@pca32,pooled+vn15@pca32,0,5000,3.5,51,0.0102,0.8184214648838312,0.8134042494179494,0.07409245822476687,0.3783988096086622,0.8285601369519011,0.819664014902187,0.057113027237828365,0.37309912404498513
lyc0lh2d,cfg0,boot01,pooled@scaled,pooled@scaled,0,5000,3.5,51,0.0102,0.8392657440411841,0.8342416530546164,0.09802009139227282,0.3552669874779004,0.8578627821394258,0.8510265792581945,0.1438789096201943,0.33728507277618
lyc0lh2d,cfg0,boot01,pooled@scaled@pca32,pooled@scaled@pca32,0,5000,3.5,51,0.0102,0.8384122940981802,0.8352693683901897,0.0916609830017909,0.3546627676900791,0.8412028046707014,0.8342427476615486,0.08299352335895921,0.35699732281739094
lyc0lh2d,cfg0,boot01,pooled+randproj,pooled+randproj,0,5000,3.5,51,0.0102,0.8432615818017708,0.8387566666328808,0.10119581272120777,0.3514310528683202,0.8568638621542627,0.8499928639649985,0.1456816809193534,0.33901208176118
lyc0lh2d,cfg0,boot01,pooled+randproj@pca32,pooled+randproj@pca32,0,5000,3.5,51,0.0102,0.8374882965545245,0.8361974319655276,0.09653884395110934,0.35403633192458817,0.8417126201379976,0.835466435539006,0.07764279591524295,0.35518208576296123
lyc0lh2d,cfg0,boot01,z,z,0,5000,3.5,51,0.0102,0.8634993333176758,0.8600064968064789,0.17755960169430318,0.3269208372871565,0.8514723287835446,0.8442194763222414,0.18976216743755536,0.34497941169437163
lyc0lh2d,cfg0,boot01,z@pca32,z@pca32,0,5000,3.5,51,0.0102,0.8621937706409095,0.8598283701797645,0.17735910018113063,0.3277319495769292,0.8718275321725384,0.8669532638171755,0.2060217753100153,0.3163614292942723
lyc0lh2d,cfg0,boot01,pred1,pred1,0,5000,3.5,51,0.0102,0.823306824801259,0.8088314948892001,0.12089337903039812,0.3805911343642489,0.8709052440175475,0.8630000638937603,0.2275749790853605,0.3213862438813675
lyc0lh2d,cfg0,boot02,vn03,VN 3,0,5000,3.5,51,0.0102,0.6537685268645852,0.6375920852081238,0.03419136971139993,0.5275721336689246,0.7410723490508624,0.7129504263541355,0.02995057728531632,0.467863060323109
lyc0lh2d,cfg0,boot02,vn03@pca32,vn03@pca32,0,5000,3.5,51,0.0102,0.6292698775517862,0.6157351417666774,0.04381848811961975,0.5394665737235032,0.6577379796197754,0.6303154941905061,0.022245601604968593,0.5276431800279486
lyc0lh2d,cfg0,boot02,vn06,VN 6,0,5000,3.5,51,0.0102,0.6778294845442175,0.660118771921874,0.0396623359097999,0.5111916335383496,0.7487129134946298,0.7238978053309795,0.03338255149545795,0.45908407381529515
lyc0lh2d,cfg0,boot02,vn06@pca32,vn06@pca32,0,5000,3.5,51,0.0102,0.6566915380557408,0.6417548313218766,0.04552184030531921,0.5225305571260901,0.6936489153249545,0.6631713811899078,0.02631795198904529,0.5041835169250513
lyc0lh2d,cfg0,boot02,vn09,VN 9,0,5000,3.5,51,0.0102,0.6895546255815801,0.6710480003430972,0.0462245815263583,0.5062062528265368,0.7587428127195581,0.735213600599127,0.03317701707839741,0.45011050322959245
lyc0lh2d,cfg0,boot02,vn09@pca32,vn09@pca32,0,5000,3.5,51,0.0102,0.6676990649922501,0.6512055155334232,0.04869852604442363,0.5169040609795688,0.7021821161332014,0.672023292221726,0.027474833989784807,0.49836110045836957
lyc0lh2d,cfg0,boot02,vn12,VN 12,0,5000,3.5,51,0.0102,0.6956616324931634,0.6772516070719994,0.05378057780647693,0.5032522662375714,0.7686817575182542,0.7462495876314563,0.03848898409323333,0.4431309077792912
lyc0lh2d,cfg0,boot02,vn12@pca32,vn12@pca32,0,5000,3.5,51,0.0102,0.6720758230623511,0.655808327356706,0.034925908955047894,0.5138821546423975,0.7097651427222336,0.680888724474256,0.03288980845054918,0.4917444557257074
lyc0lh2d,cfg0,boot02,vn15,VN 15,0,5000,3.5,51,0.0102,0.7012898558791659,0.6823356363006396,0.051191443355586466,0.4996177738449295,0.7740667733025806,0.752503068755147,0.03998969128993951,0.43789593457390574
lyc0lh2d,cfg0,boot02,vn15@pca32,vn15@pca32,0,5000,3.5,51,0.0102,0.6782504871742658,0.6622001664785075,0.04096582683066642,0.509040442180013,0.7142868737734247,0.685165207312119,0.034007676100426314,0.48826244546619557
lyc0lh2d,cfg0,boot02,pooled512,Pooled embedding,0,5000,3.5,51,0.0102,0.842589628144828,0.839543439448099,0.0960247967301002,0.34913800677023116,0.8454785116546151,0.8377379359387134,0.12104224969324918,0.35255800112898167
lyc0lh2d,cfg0,boot02,pooled512@pca32,pooled512@pca32,0,5000,3.5,51,0.0102,0.8411771729765916,0.8390870437941114,0.11049986483941154,0.35086517011903096,0.8442798849794109,0.8393620698306359,0.08655191702653772,0.3507609210038396
lyc0lh2d,cfg0,boot02,pooled+vn15,pooled+vn15,0,5000,3.5,51,0.0102,0.8133021118278985,0.808808796632546,0.06447266848073122,0.3813376607314554,0.8507113894254728,0.8437078552205624,0.12388668391689715,0.3449287938453295
lyc0lh2d,cfg0,boot02,pooled+vn15@pca32,pooled+vn15@pca32,0,5000,3.5,51,0.0102,0.8147624619276387,0.8098516491463721,0.06047612732897735,0.3812134902148017,0.8222581991616109,0.8157014512830247,0.05193346314858528,0.37659534080414614
lyc0lh2d,cfg0,boot02,pooled@scaled,pooled@scaled,0,5000,3.5,51,0.0102,0.8348837368530772,0.8316314152357254,0.07865641729836287,0.35643922699359487,0.8519601799993195,0.8450629437688593,0.1340734420743083,0.34235884507163855
lyc0lh2d,cfg0,boot02,pooled@scaled@pca32,pooled@scaled@pca32,0,5000,3.5,51,0.0102,0.8359717686562966,0.8335977578484363,0.07113760172594571,0.3551015675138011,0.8398502693977474,0.8351323442873643,0.1021931577299851,0.3568660204721137
lyc0lh2d,cfg0,boot02,pooled+randproj,pooled+randproj,0,5000,3.5,51,0.0102,0.8406616875603174,0.8373775947864257,0.09434342333501754,0.35070858998494364,0.8507092507852168,0.8438449901396674,0.1334940302522404,0.3445207238907395
lyc0lh2d,cfg0,boot02,pooled+randproj@pca32,pooled+randproj@pca32,0,5000,3.5,51,0.0102,0.8382381651402095,0.8369267772375648,0.09271169463526209,0.3524623959982972,0.841578774855549,0.8373699116385789,0.09600059080868394,0.3541453885394459
lyc0lh2d,cfg0,boot02,z,z,0,5000,3.5,51,0.0102,0.8618578091635016,0.8575757151806761,0.18115168549341626,0.32803303395495453,0.8488243238503042,0.8429612315468881,0.15045526079574145,0.3456114336029479
lyc0lh2d,cfg0,boot02,z@pca32,z@pca32,0,5000,3.5,51,0.0102,0.86227003089797,0.858259201320194,0.16735435139737667,0.3276073544406939,0.8685916066640997,0.8637321438465657,0.20561115255929127,0.31922798242098
lyc0lh2d,cfg0,boot02,pred1,pred1,0,5000,3.5,51,0.0102,0.8181706986050774,0.7990610875732654,0.07771502569210748,0.38994022362532993,0.8682990781290199,0.8600502151426215,0.2614665038120066,0.32393492547281977
lyc0lh2d,cfg0,boot03,vn03,VN 3,0,5000,3.5,51,0.0102,0.655076425762704,0.6382809135010701,0.032488309994382125,0.5265794913556386,0.7387730092517306,0.7119163484057426,0.031661799341481646,0.4685636910066562
lyc0lh2d,cfg0,boot03,vn03@pca32,vn03@pca32,0,5000,3.5,51,0.0102,0.6331113946050255,0.6179252176834544,0.03153742607727986,0.5370155548359874,0.6584880146696399,0.6272537536303779,0.02202997296061597,0.5290997549167433
lyc0lh2d,cfg0,boot03,vn06,VN 6,0,5000,3.5,51,0.0102,0.6940019416357419,0.6759749759679686,0.04510612626807496,0.501818725261046,0.7498516951773335,0.7263548832660713,0.034871718665865296,0.4591285002491072
lyc0lh2d,cfg0,boot03,vn06@pca32,vn06@pca32,0,5000,3.5,51,0.0102,0.6725382618154122,0.6566074694930588,0.044774976075241356,0.5134305884102505,0.686783528544977,0.658467522302192,0.034141498953111624,0.5091738797448586
lyc0lh2d,cfg0,boot03,vn09,VN 9,0,5000,3.5,51,0.0102,0.7038005659804946,0.6853628578261716,0.053244867423145506,0.4970166924658769,0.7602727906183462,0.7389714843128107,0.043549819288101574,0.44989906531502083
lyc0lh2d,cfg0,boot03,vn09@pca32,vn09@pca32,0,5000,3.5,51,0.0102,0.6839348208463609,0.6670714734577771,0.0360280448577745,0.5074220292966555,0.6963866936664898,0.6670896601263303,0.033207384085875126,0.5026196553252665
lyc0lh2d,cfg0,boot03,vn12,VN 12,0,5000,3.5,51,0.0102,0.7132256130352752,0.6940396495709757,0.05524366376448358,0.4907229250655284,0.7718199293532702,0.7505886857529271,0.0442481248960751,0.4404951039998055
lyc0lh2d,cfg0,boot03,vn12@pca32,vn12@pca32,0,5000,3.5,51,0.0102,0.6897391206761718,0.6727058132546162,0.034162949262760214,0.5041837639481983,0.7069738794602392,0.6778651728026093,0.0328965825532971,0.4943325458818067
lyc0lh2d,cfg0,boot03,vn15,VN 15,0,5000,3.5,51,0.0102,0.7221124678226573,0.7027132853989568,0.04703859168843375,0.48473194059067737,0.7837410837237231,0.7623648115433294,0.048752791985525665,0.43050648089030563
lyc0lh2d,cfg0,boot03,vn15@pca32,vn15@pca32,0,5000,3.5,51,0.0102,0.69956224383164,0.6818880105302816,0.033857907239619865,0.4969042261390644,0.7161771445445599,0.6865363906268207,0.03422708313891855,0.48705653217612177
lyc0lh2d,cfg0,boot03,pooled512,Pooled embedding,0,5000,3.5,51,0.0102,0.8441913281584386,0.840573768848303,0.10648468220212272,0.3482559648267024,0.8515640778950782,0.8431496357649751,0.11949995028489832,0.3474996388105515
lyc0lh2d,cfg0,boot03,pooled512@pca32,pooled512@pca32,0,5000,3.5,51,0.0102,0.8412187779442422,0.8387933110935858,0.09342891100983203,0.35054447134373357,0.848716723099781,0.8440175104661554,0.12031600640917477,0.3483686576120511
lyc0lh2d,cfg0,boot03,pooled+vn15,pooled+vn15,0,5000,3.5,51,0.0102,0.8177503900064177,0.8136899717955228,0.07569212902816659,0.3777240640733334,0.8563129036987578,0.8478166468674746,0.1293596398100422,0.3414640458895625
lyc0lh2d,cfg0,boot03,pooled+vn15@pca32,pooled+vn15@pca32,0,5000,3.5,51,0.0102,0.8188829121304685,0.8135555700660644,0.05220420473152132,0.3778186766492585,0.8293716788252844,0.8208636831947296,0.07256540352689071,0.37153362589679384
lyc0lh2d,cfg0,boot03,pooled@scaled,pooled@scaled,0,5000,3.5,51,0.0102,0.8386017153463904,0.8355055264506648,0.09985283355022853,0.3537078642412289,0.8583681679750965,0.8505153450751828,0.12913321269975533,0.33742901548292203
lyc0lh2d,cfg0,boot03,pooled@scaled@pca32,pooled@scaled@pca32,0,5000,3.5,51,0.0102,0.8358701878761718,0.8339342016969805,0.07950820587981455,0.3554083560475103,0.8410113070581406,0.8355261806115255,0.09195858728588441,0.35620013036422216
lyc0lh2d,cfg0,boot03,pooled+randproj,pooled+randproj,0,5000,3.5,51,0.0102,0.8437114901347549,0.8390652890503174,0.09376850178563245,0.3495762343004813,0.8567264085434289,0.8487852723019544,0.1220399261034115,0.33962832929301445
lyc0lh2d,cfg0,boot03,pooled+randproj@pca32,pooled+randproj@pca32,0,5000,3.5,51,0.0102,0.8393925033166526,0.8363902839654533,0.0845706337691026,0.3523601086015372,0.8452801894064894,0.8392241543533234,0.08673494387167799,0.3518301513448603
lyc0lh2d,cfg0,boot03,z,z,0,5000,3.5,51,0.0102,0.8636787643757678,0.8583136137516937,0.1529249629922137,0.3274090235219361,0.8511715251705818,0.8439472812992181,0.17882211393343994,0.3492242982011786
lyc0lh2d,cfg0,boot03,z@pca32,z@pca32,0,5000,3.5,51,0.0102,0.8635130710901135,0.8589284984871537,0.16005586868806723,0.3278207051634311,0.8707211291311212,0.8653813282461842,0.18440794733052013,0.31769060268009286
lyc0lh2d,cfg0,boot03,pred1,pred1,0,5000,3.5,51,0.0102,0.8274433323827741,0.8094400667211057,0.07861280098373649,0.3816202117773957,0.8726397712472724,0.8640391136783752,0.2405948369149803,0.31949142397592634
lyc0lh2d,cfg0,boot04,vn03,VN 3,0,5000,3.5,51,0.0102,0.6604553229917307,0.6460745543877574,0.03220920416007233,0.5195109220169332,0.735806325212035,0.7083664307689634,0.028325853942303893,0.47107334461639017
lyc0lh2d,cfg0,boot04,vn03@pca32,vn03@pca32,0,5000,3.5,51,0.0102,0.6400439024492164,0.6272808677697774,0.03562378782259919,0.5303475783933469,0.656405342297973,0.627441804813717,0.022725105172228373,0.5298789351466893
lyc0lh2d,cfg0,boot04,vn06,VN 6,0,5000,3.5,51,0.0102,0.684298413536995,0.6677300721492618,0.04946201354970373,0.5041022943891772,0.7502411150248554,0.7250830355960044,0.03276253325255339,0.4570589275299835
lyc0lh2d,cfg0,boot04,vn06@pca32,vn06@pca32,0,5000,3.5,51,0.0102,0.6649364447244113,0.6503974529648384,0.04218229312824594,0.515421702190236,0.6844195220343194,0.6549552791757107,0.02692518775890012,0.5118221096636868
lyc0lh2d,cfg0,boot04,vn09,VN 9,0,5000,3.5,51,0.0102,0.6919114793666141,0.674895236737352,0.050235847510192666,0.5003878808593804,0.7646358265364969,0.7416305248797906,0.044365899821453475,0.44433103140675695
lyc0lh2d,cfg0,boot04,vn09@pca32,vn09@pca32,0,5000,3.5,51,0.0102,0.6703046513399603,0.6553979693295613,0.045717289551161576,0.5113065493066555,0.6940705752073717,0.6652409851369468,0.029060599944512065,0.5052190059121567
lyc0lh2d,cfg0,boot04,vn12,VN 12,0,5000,3.5,51,0.0102,0.6991228482095364,0.6819835077126274,0.04972499639863191,0.49615449351967755,0.7745373082244504,0.75306286641471,0.05097996165042687,0.4349606795293047
lyc0lh2d,cfg0,boot04,vn12@pca32,vn12@pca32,0,5000,3.5,51,0.0102,0.6779384441680161,0.6623531056783043,0.039465638825835966,0.5075907204936327,0.7047844285020918,0.6772050054895422,0.028939198284528095,0.49592160331479646
lyc0lh2d,cfg0,boot04,vn15,VN 15,0,5000,3.5,51,0.0102,0.7083054025181339,0.6913355264231569,0.04776513843313644,0.4900533847096362,0.7830514236072796,0.7613647869718978,0.05527796641744204,0.4285939349141379
lyc0lh2d,cfg0,boot04,vn15@pca32,vn15@pca32,0,5000,3.5,51,0.0102,0.6872853744295865,0.6722319755034933,0.040341928678699505,0.5009546867942748,0.7160393585408344,0.6876971974616863,0.025918888804157048,0.487203552278608
lyc0lh2d,cfg0,boot04,pooled512,Pooled embedding,0,5000,3.5,51,0.0102,0.8462536496586746,0.8417704496728997,0.1142686472908982,0.3471666269777227,0.8483295291664079,0.8405858633981187,0.11185676769331106,0.35073553795485135
lyc0lh2d,cfg0,boot04,pooled512@pca32,pooled512@pca32,0,5000,3.5,51,0.0102,0.8422824317909188,0.8407283047453399,0.11897718235465485,0.34938025262307837,0.8424344815108155,0.8365940126998883,0.06096215779824905,0.3528963422362603
lyc0lh2d,cfg0,boot04,pooled+vn15,pooled+vn15,0,5000,3.5,51,0.0102,0.8198405101645754,0.8143552494619183,0.06145313725764407,0.37673580941842755,0.8516310342809073,0.8443406591283478,0.11969889650937421,0.3460587900630973
lyc0lh2d,cfg0,boot04,pooled+vn15@pca32,pooled+vn15@pca32,0,5000,3.5,51,0.0102,0.8169110462639004,0.8114938635674576,0.05806873480132209,0.3801771445644312,0.8278310906904123,0.8197194575587124,0.05222610002505234,0.3729101349587282
lyc0lh2d,cfg0,boot04,pooled@scaled,pooled@scaled,0,5000,3.5,51,0.0102,0.8412539361462787,0.835938336945138,0.08050826157612832,0.3523092052233342,0.8542941122503409,0.8470221025261482,0.11313471427949975,0.34127763048106363
lyc0lh2d,cfg0,boot04,pooled@scaled@pca32,pooled@scaled@pca32,0,5000,3.5,51,0.0102,0.8390728419169807,0.8356422533313368,0.0845113682354423,0.3529831460763304,0.8377101266639408,0.8311773113377081,0.06756440857287954,0.35953678282048607
lyc0lh2d,cfg0,boot04,pooled+randproj,pooled+randproj,0,5000,3.5,51,0.0102,0.8456496980620626,0.8407626084411763,0.09810297727666546,0.34750841448469894,0.8527062535871104,0.8455073990662108,0.11167537970782454,0.3435060616724527
lyc0lh2d,cfg0,boot04,pooled+randproj@pca32,pooled+randproj@pca32,0,5000,3.5,51,0.0102,0.8411770030813215,0.8389350979173609,0.10793344842326313,0.35131359645501214,0.837576307831991,0.8314806970196411,0.0625899613451229,0.3587994582872637
lyc0lh2d,cfg0,boot04,z,z,0,5000,3.5,51,0.0102,0.8613202387008734,0.8577443290195619,0.17966652505881317,0.3266041163101743,0.8442596181513087,0.8361968081791764,0.15105241769098182,0.3540765407804618
lyc0lh2d,cfg0,boot04,z@pca32,z@pca32,0,5000,3.5,51,0.0102,0.8610217559631754,0.8577829428422608,0.18985947096990102,0.3273550624614384,0.8684527858403791,0.8634123509085019,0.18336262501427839,0.31976516706645386
lyc0lh2d,cfg0,boot04,pred1,pred1,0,5000,3.5,51,0.0102,0.8227431330740651,0.8087879973672522,0.135010058014379,0.3823951229392118,0.8694602507660215,0.8615082082439436,0.23523151447112584,0.322611484709465
lyc0lh2d,cfg0,boot05,vn03,VN 3,0,5000,3.5,51,0.0102,0.6490109815707416,0.6327591295612474,0.03281168093973818,0.5313004664743667,0.7379971788263237,0.7080438979725456,0.02944777117461836,0.4684625660063818
lyc0lh2d,cfg0,boot05,vn03@pca32,vn03@pca32,0,5000,3.5,51,0.0102,0.623831483657771,0.6104707913948959,0.03382772145977414,0.5435766957150163,0.6498800840012071,0.6222275143447679,0.024736410671536993,0.5337616329984294
lyc0lh2d,cfg0,boot05,vn06,VN 6,0,5000,3.5,51,0.0102,0.6832027613630012,0.665327137838198,0.05029521006425279,0.5097920749355068,0.752905501984762,0.7272954631282192,0.03548924920841501,0.4573029709091061
lyc0lh2d,cfg0,boot05,vn06@pca32,vn06@pca32,0,5000,3.5,51,0.0102,0.664598119472572,0.6492242245518312,0.04408812439688452,0.5195496105769413,0.6910967970039107,0.6640842686080575,0.033330487051848684,0.5048259707175737
lyc0lh2d,cfg0,boot05,vn09,VN 9,0,5000,3.5,51,0.0102,0.6899573770704982,0.6720086537351408,0.05626337497302204,0.5048127677553458,0.7603027470854593,0.7361155452303614,0.035067631275771366,0.4510566964402557
lyc0lh2d,cfg0,boot05,vn09@pca32,vn09@pca32,0,5000,3.5,51,0.0102,0.6729479649939181,0.6562479541101378,0.048454564045151874,0.5138128839209273,0.7019677411456853,0.6750007987892936,0.033607662017894155,0.4968235720209543
lyc0lh2d,cfg0,boot05,vn12,VN 12,0,5000,3.5,51,0.0102,0.7009336930071641,0.6825953734436103,0.05577185756162535,0.4981990283037157,0.7759949817725909,0.7536929350093317,0.042671481394654646,0.43605576288126296
lyc0lh2d,cfg0,boot05,vn12@pca32,vn12@pca32,0,5000,3.5,51,0.0102,0.6817588724042404,0.6657082706085116,0.04986734160751405,0.5075662488086653,0.7099946879929828,0.6835324555523219,0.03298418092432347,0.4905038050334123
lyc0lh2d,cfg0,boot05,vn15,VN 15,0,5000,3.5,51,0.0102,0.711593088905214,0.6924695956643713,0.05430065426752814,0.49098584094885545,0.7835078637567534,0.7624726591002108,0.04737757527146626,0.42810661546696693
lyc0lh2d,cfg0,boot05,vn15@pca32,vn15@pca32,0,5000,3.5,51,0.0102,0.6924893267368355,0.6761091370646164,0.04538259217250623,0.4998235353024349,0.7222566116653074,0.6950087763876277,0.030541934755558567,0.4816064071184451
lyc0lh2d,cfg0,boot05,pooled512,Pooled embedding,0,5000,3.5,51,0.0102,0.8454689411498789,0.8413150214362485,0.10258114073122414,0.3471789146011417,0.847907174680697,0.8391363431326024,0.10594450032261102,0.3523748978576652
lyc0lh2d,cfg0,boot05,pooled512@pca32,pooled512@pca32,0,5000,3.5,51,0.0102,0.8430446726220198,0.841172728526153,0.10038776475882927,0.3493163853390172,0.8453882948602759,0.8398115099173853,0.08746192292901842,0.351750040131905
lyc0lh2d,cfg0,boot05,pooled+vn15,pooled+vn15,0,5000,3.5,51,0.0102,0.813579144332826,0.8095130007114495,0.061936376476786195,0.382096607340924,0.8502636797798554,0.8431220713379779,0.11167029243137198,0.3467580862111471
lyc0lh2d,cfg0,boot05,pooled+vn15@pca32,pooled+vn15@pca32,0,5000,3.5,51,0.0102,0.8161908445337243,0.8119967845942371,0.057546337750425045,0.38045238022696704,0.8243398516995215,0.8158515989077575,0.06892568206954677,0.37895368301555915
lyc0lh2d,cfg0,boot05,pooled@scaled,pooled@scaled,0,5000,3.5,51,0.0102,0.8333579232182848,0.8294788682730552,0.07876937634616571,0.35949867677020264,0.8534757063960852,0.8458232598008845,0.11202718879645861,0.34288534927802705
lyc0lh2d,cfg0,boot05,pooled@scaled@pca32,pooled@scaled@pca32,0,5000,3.5,51,0.0102,0.8359651370300923,0.8345460945933711,0.07818438634647555,0.35663258296164213,0.8378580777358092,0.8316074337308319,0.08065861449617678,0.3615300776540246
lyc0lh2d,cfg0,boot05,pooled+randproj,pooled+randproj,0,5000,3.5,51,0.0102,0.8400836474964494,0.8368389611536797,0.09803059941819202,0.35226080591988895,0.8523739076835053,0.8446879818930413,0.11124113318838702,0.34494415441079385
lyc0lh2d,cfg0,boot05,pooled+randproj@pca32,pooled+randproj@pca32,0,5000,3.5,51,0.0102,0.8375187089958902,0.8373774724373658,0.10485590054441601,0.3536370983851742,0.840101126803314,0.8349250326966795,0.08518253383215929,0.3583168416703971
lyc0lh2d,cfg0,boot05,z,z,0,5000,3.5,51,0.0102,0.8619522189364413,0.85777465795979,0.15607505360125545,0.32777909210691025,0.8495001992764066,0.8426412871320539,0.18228608836092786,0.3478986128387476
lyc0lh2d,cfg0,boot05,z@pca32,z@pca32,0,5000,3.5,51,0.0102,0.862675953299886,0.8589782387019931,0.16860038972024052,0.32672159905708864,0.8711411466448993,0.8657486444914605,0.18869289442426473,0.31799671159713294
lyc0lh2d,cfg0,boot05,pred1,pred1,0,5000,3.5,51,0.0102,0.8237017492576042,0.8085321839488864,0.1029038217280423,0.3803107499271813,0.8714226936812732,0.8628930578991669,0.21578342692936872,0.3209733221153717
lyc0lh2d,cfg0,boot06,vn03,VN 3,0,5000,3.5,51,0.0102,0.6553454040457333,0.6389361125422371,0.029543569113411227,0.5228859910811188,0.73995766327307,0.7122556158079321,0.03055273582532067,0.46848615711950814
lyc0lh2d,cfg0,boot06,vn03@pca32,vn03@pca32,0,5000,3.5,51,0.0102,0.6339441026867569,0.6197264339874414,0.03224104724360165,0.5339978682329998,0.6495896837155833,0.6202127237139681,0.022417206116151313,0.5344009799811991
lyc0lh2d,cfg0,boot06,vn06,VN 6,0,5000,3.5,51,0.0102,0.6814540628169091,0.663269219530388,0.05077097369596596,0.5072629259880005,0.7481312999980407,0.72141180579209,0.03078384375494226,0.4602000257880745
lyc0lh2d,cfg0,boot06,vn06@pca32,vn06@pca32,0,5000,3.5,51,0.0102,0.6630404135626733,0.6466074799184369,0.04294407392739503,0.5179436581281487,0.6822793397787879,0.6538379308087314,0.029348376322644948,0.5115455366900555
lyc0lh2d,cfg0,boot06,vn09,VN 9,0,5000,3.5,51,0.0102,0.690700000919092,0.6722044333270226,0.054661816595372344,0.5019033003986778,0.7551668019954392,0.7297744098829766,0.03186726881217421,0.4543257273921958
lyc0lh2d,cfg0,boot06,vn09@pca32,vn09@pca32,0,5000,3.5,51,0.0102,0.6725722614530344,0.6560064455356813,0.046932789351203805,0.5125472833394429,0.6920763959873852,0.6624583839470197,0.030159277880331577,0.5054218899173617
lyc0lh2d,cfg0,boot06,vn12,VN 12,0,5000,3.5,51,0.0102,0.7007275647044983,0.6828143269597976,0.059158320908396095,0.49499894467639405,0.7684815431763192,0.7441173343696168,0.036769807360444384,0.44470532816447783
lyc0lh2d,cfg0,boot06,vn12@pca32,vn12@pca32,0,5000,3.5,51,0.0102,0.680038418672112,0.6643275565795845,0.04978764647230136,0.5066324472086868,0.7015408984961005,0.6718160565152027,0.028785455016626913,0.49809163639594856
lyc0lh2d,cfg0,boot06,vn15,VN 15,0,5000,3.5,51,0.0102,0.7064692835126303,0.6888302052561966,0.05724151459156801,0.49021869178788446,0.7736854591119862,0.750609423315947,0.04095731715542632,0.4394537242074027
lyc0lh2d,cfg0,boot06,vn15@pca32,vn15@pca32,0,5000,3.5,51,0.0102,0.6879980026653962,0.6720337650443946,0.05092161445305956,0.5006809462805341,0.7079321155760288,0.6774777095933441,0.02499423237245067,0.4938078662870669
lyc0lh2d,cfg0,boot06,pooled512,Pooled embedding,0,5000,3.5,51,0.0102,0.8416789580115761,0.8399416796028729,0.12976361525039862,0.3511068899868471,0.8494666057987956,0.8428739751499819,0.12512645538250972,0.34881145712298917
lyc0lh2d,cfg0,boot06,pooled512@pca32,pooled512@pca32,0,5000,3.5,51,0.0102,0.8376231726333806,0.8372678850646074,0.13724061797963766,0.35319690010814575,0.847160763270284,0.8434448723120602,0.11686193338610384,0.347830263672528
lyc0lh2d,cfg0,boot06,pooled+vn15,pooled+vn15,0,5000,3.5,51,0.0102,0.8122244357395916,0.8078137043458764,0.06611021613409047,0.38365136515646736,0.8519067249158272,0.8460359487003817,0.15739942684568714,0.34502069816168857
lyc0lh2d,cfg0,boot06,pooled+vn15@pca32,pooled+vn15@pca32,0,5000,3.5,51,0.0102,0.8097085376427999,0.8063463959405901,0.051602525703653486,0.385496455506179,0.8264225467019927,0.8210078580771862,0.0672760032070534,0.37321258421642023
lyc0lh2d,cfg0,boot06,pooled@scaled,pooled@scaled,0,5000,3.5,51,0.0102,0.834813838728001,0.8328179287999342,0.09780505034182066,0.3564389769226268,0.8549136688155214,0.8488344727043802,0.13776801561816332,0.3405042240389441
lyc0lh2d,cfg0,boot06,pooled@scaled@pca32,pooled@scaled@pca32,0,5000,3.5,51,0.0102,0.8336879306501672,0.8337313381352783,0.10201418193112417,0.35696281001958585,0.8378532455525156,0.833679950548841,0.08825099486295987,0.3584546047424156
lyc0lh2d,cfg0,boot06,pooled+randproj,pooled+randproj,0,5000,3.5,51,0.0102,0.8403514310798872,0.8375916250717534,0.1107370899848365,0.352623537514844,0.8537549664796917,0.8476415706845815,0.1317658247159732,0.34215644971720205
lyc0lh2d,cfg0,boot06,pooled+randproj@pca32,pooled+randproj@pca32,0,5000,3.5,51,0.0102,0.836355577651885,0.8362119992066862,0.12353594262195378,0.35544048139164386,0.8405030861085431,0.8370829600653922,0.10468330077920743,0.3538019608850807
lyc0lh2d,cfg0,boot06,z,z,0,5000,3.5,51,0.0102,0.8607002861652726,0.8574769767210073,0.23484577899785597,0.3291654463027275,0.8456321088967615,0.8390614245086525,0.20033523428808536,0.35309471055499
lyc0lh2d,cfg0,boot06,z@pca32,z@pca32,0,5000,3.5,51,0.0102,0.8618144522732121,0.8585297974050548,0.24970187016867412,0.3277052504609691,0.8689036968059878,0.8639555677184818,0.2410767100470196,0.3195170660482963
lyc0lh2d,cfg0,boot06,pred1,pred1,0,5000,3.5,51,0.0102,0.8207831609310333,0.8039763970306406,0.09587612391383873,0.38831945263706835,0.8688282455533075,0.859765460465794,0.24276660351158802,0.3236376124276269
lyc0lh2d,cfg0,boot07,vn03,VN 3,0,5000,3.5,51,0.0102,0.6657946871086439,0.6488532088544838,0.02882991271251647,0.51884558742731,0.7375252063203824,0.7090842075059298,0.031619448172402406,0.4710253503466619
lyc0lh2d,cfg0,boot07,vn03@pca32,vn03@pca32,0,5000,3.5,51,0.0102,0.6474925849854707,0.6326947927574736,0.027530924155783412,0.5285041581892195,0.6627767288262603,0.6326677637687034,0.02272062663691863,0.5258407463163324
lyc0lh2d,cfg0,boot07,vn06,VN 6,0,5000,3.5,51,0.0102,0.6931229152816677,0.6752203146357518,0.03955180426281861,0.49993464806031923,0.7509244197952074,0.7255270966570355,0.03802157618319356,0.4581489582580556
lyc0lh2d,cfg0,boot07,vn06@pca32,vn06@pca32,0,5000,3.5,51,0.0102,0.6756396887270892,0.6585873907182576,0.04216515543089597,0.5101120914569572,0.6987484841440271,0.6663315852780389,0.028983813653105008,0.5031709102937743
lyc0lh2d,cfg0,boot07,vn09,VN 9,0,5000,3.5,51,0.0102,0.7009153926318865,0.6825353807967913,0.05499409078597554,0.49525457931297967,0.764314634080657,0.7421317305652149,0.03914785895358082,0.4443014614231581
lyc0lh2d,cfg0,boot07,vn09@pca32,vn09@pca32,0,5000,3.5,51,0.0102,0.6864773207405568,0.6688851749718439,0.04287374348237259,0.5038651333636979,0.7068127049417643,0.6741652298433061,0.028277220487061813,0.4973687566238347
lyc0lh2d,cfg0,boot07,vn12,VN 12,0,5000,3.5,51,0.0102,0.7082461637659729,0.6889958121751021,0.047281839595952606,0.4916689750882873,0.7782722881020944,0.7565595757291065,0.04022896236403185,0.43206216181973284
lyc0lh2d,cfg0,boot07,vn12@pca32,vn12@pca32,0,5000,3.5,51,0.0102,0.6924125975348111,0.675232153427014,0.04502275687418417,0.5001491127513118,0.7140942671692041,0.6819364691484101,0.025212096341165453,0.49181578406634274
lyc0lh2d,cfg0,boot07,vn15,VN 15,0,5000,3.5,51,0.0102,0.7145307101845912,0.6954341910317292,0.05253124865570332,0.48672834741332277,0.7873203232843273,0.7661349883632165,0.04720711284616615,0.4245319451447446
lyc0lh2d,cfg0,boot07,vn15@pca32,vn15@pca32,0,5000,3.5,51,0.0102,0.6961868003998251,0.6788393452794468,0.04081591300230003,0.49771390397699516,0.7198500839419911,0.6892416696025943,0.024812187223807763,0.48620312061066595
lyc0lh2d,cfg0,boot07,pooled512,Pooled embedding,0,5000,3.5,51,0.0102,0.8437194634147864,0.8385745977773793,0.09649971069099189,0.35008240442548477,0.8512628616743424,0.8446667760269653,0.13976186855496975,0.34743957039565304
lyc0lh2d,cfg0,boot07,pooled512@pca32,pooled512@pca32,0,5000,3.5,51,0.0102,0.8400723679941695,0.8364158593929332,0.0681434025066287,0.35201067306103917,0.8470189877863403,0.8406128351601956,0.06458899469232676,0.3492333663881878
lyc0lh2d,cfg0,boot07,pooled+vn15,pooled+vn15,0,5000,3.5,51,0.0102,0.8116260501343373,0.8067294399534319,0.050025443620373186,0.3815487438130777,0.8555595393652043,0.8490884813145942,0.1458514722034836,0.34078449169214386
lyc0lh2d,cfg0,boot07,pooled+vn15@pca32,pooled+vn15@pca32,0,5000,3.5,51,0.0102,0.8099117643956912,0.8058875148876586,0.0552060538306935,0.3842210274116661,0.8259025275270626,0.8180338084105294,0.04252188595390794,0.37475241154319844
lyc0lh2d,cfg0,boot07,pooled@scaled,pooled@scaled,0,5000,3.5,51,0.0102,0.8350283053845485,0.8305914098015259,0.06594830040048129,0.3576923622063578,0.8574508412805266,0.8511864856091422,0.14647732872438146,0.3386077483429346
lyc0lh2d,cfg0,boot07,pooled@scaled@pca32,pooled@scaled@pca32,0,5000,3.5,51,0.0102,0.8345965014276764,0.8316995639724969,0.05943629997901365,0.3572244366530496,0.8392345577096426,0.8317293806998991,0.051289245505778736,0.36025191188586414
lyc0lh2d,cfg0,boot07,pooled+randproj,pooled+randproj,0,5000,3.5,51,0.0102,0.842798958185641,0.8368634390520869,0.0745975109029937,0.3514218240293526,0.8562691988755449,0.8502298111325872,0.14285079156190666,0.33964859325410507
lyc0lh2d,cfg0,boot07,pooled+randproj@pca32,pooled+randproj@pca32,0,5000,3.5,51,0.0102,0.8383516547458245,0.8346561777563355,0.06784034671752324,0.35328200593117676,0.8415346747429292,0.835311680579361,0.05612969420826276,0.3555831347268289
lyc0lh2d,cfg0,boot07,z,z,0,5000,3.5,51,0.0102,0.8599386023947104,0.8560693752066524,0.15115287180044845,0.330599944606021,0.8508794504309445,0.8444816957157489,0.14570942716694835,0.34580481167972854
lyc0lh2d,cfg0,boot07,z@pca32,z@pca32,0,5000,3.5,51,0.0102,0.8606905424710338,0.8570492987900777,0.14862945320455284,0.3304559334312115,0.8690206766625119,0.8639089390066536,0.178462326341805,0.3202929407351376
lyc0lh2d,cfg0,boot07,pred1,pred1,0,5000,3.5,51,0.0102,0.8213831241089915,0.8048761605955411,0.07793651760113732,0.3860065560353302,0.8702102465066252,0.8618819428824014,0.2268392492941336,0.32265568654638493
lyc0lh2d,cfg0,boot08,vn03,VN 3,0,5000,3.5,51,0.0102,0.6586815010891707,0.642698450754702,0.030746171198082355,0.5228222243262048,0.7359906745687983,0.7068249771003074,0.030756019825528003,0.47292476314818965
lyc0lh2d,cfg0,boot08,vn03@pca32,vn03@pca32,0,5000,3.5,51,0.0102,0.6377411556248003,0.6229884981722542,0.02746868551720419,0.5341786279683352,0.6590307976927308,0.6296464956253688,0.024779016576581,0.5276862805348639
lyc0lh2d,cfg0,boot08,vn06,VN 6,0,5000,3.5,51,0.0102,0.669470608495963,0.651277458550509,0.04765765587801496,0.515872303151595,0.7504599252207795,0.7228895406591405,0.028408179416808062,0.45908978453389104
lyc0lh2d,cfg0,boot08,vn06@pca32,vn06@pca32,0,5000,3.5,51,0.0102,0.6479691957242053,0.6323077598642104,0.048572815855712076,0.5275585434108048,0.6873824674438809,0.6589086019820691,0.028049944655523316,0.5093086493475242
lyc0lh2d,cfg0,boot08,vn09,VN 9,0,5000,3.5,51,0.0102,0.6791523054231556,0.6606692475645595,0.056425926099668476,0.5112551051634906,0.7590783375104027,0.7326494532094368,0.02889390751996585,0.4511698026846685
lyc0lh2d,cfg0,boot08,vn09@pca32,vn09@pca32,0,5000,3.5,51,0.0102,0.6580706473839686,0.642186037959341,0.050556167023088315,0.5225290944390331,0.694585468780047,0.6661120590343546,0.034613409445753904,0.5037939108313899
lyc0lh2d,cfg0,boot08,vn12,VN 12,0,5000,3.5,51,0.0102,0.6870897187688019,0.6696602095026748,0.05278341511847637,0.505553155678428,0.7746985862500766,0.7507323172246392,0.030041982472675206,0.43736626811694124
lyc0lh2d,cfg0,boot08,vn12@pca32,vn12@pca32,0,5000,3.5,51,0.0102,0.6656959788938391,0.6501501188296201,0.05064410914114148,0.5169476578567147,0.703412031834195,0.6760581565572894,0.0339946854769452,0.4963994650409388
lyc0lh2d,cfg0,boot08,vn15,VN 15,0,5000,3.5,51,0.0102,0.7002366410827989,0.6826619529171003,0.05447448165794429,0.496731323289929,0.7798875333806947,0.7573662445000833,0.0300738560918871,0.43212040918577627
lyc0lh2d,cfg0,boot08,vn15@pca32,vn15@pca32,0,5000,3.5,51,0.0102,0.6802097646214929,0.6639781979989777,0.046582485785066206,0.5073355195184883,0.7204607254348179,0.6920069784481986,0.032782771860268775,0.48439760151899935
lyc0lh2d,cfg0,boot08,pooled512,Pooled embedding,0,5000,3.5,51,0.0102,0.8468409549874346,0.8428207727402085,0.13717721385139828,0.3460442958409552,0.8491080240186724,0.8415632800383746,0.11557607012638603,0.3499326135234114
lyc0lh2d,cfg0,boot08,pooled512@pca32,pooled512@pca32,0,5000,3.5,51,0.0102,0.8420055401939924,0.8399764912822372,0.10183207079882778,0.34967047241362875,0.8469773315294655,0.841968718207117,0.09138191892650416,0.3475728635957711
lyc0lh2d,cfg0,boot08,pooled+vn15,pooled+vn15,0,5000,3.5,51,0.0102,0.8145595330960844,0.8109645391171989,0.07034627805052358,0.3802297735023599,0.8528052404689987,0.8457021331876795,0.11777313847744211,0.3437092326306175
lyc0lh2d,cfg0,boot08,pooled+vn15@pca32,pooled+vn15@pca32,0,5000,3.5,51,0.0102,0.8155196443691407,0.8126384735297341,0.06652819857524409,0.37926214000121194,0.8249333001428727,0.8185775437452737,0.05185356324178308,0.37400405771931755
lyc0lh2d,cfg0,boot08,pooled@scaled,pooled@scaled,0,5000,3.5,51,0.0102,0.8414577752797481,0.837433398599083,0.10860131131577391,0.35041273381507787,0.8551207980550659,0.8484070722932046,0.12128830030443236,0.3404604564257224
lyc0lh2d,cfg0,boot08,pooled@scaled@pca32,pooled@scaled@pca32,0,5000,3.5,51,0.0102,0.8379324409923151,0.8370515194848276,0.1089913144547392,0.35327239385512005,0.838292949563287,0.8326238720060336,0.0662052384797314,0.35981058556707923
lyc0lh2d,cfg0,boot08,pooled+randproj,pooled+randproj,0,5000,3.5,51,0.0102,0.8452016103208595,0.8410397549968833,0.12328006803696763,0.3475981885643367,0.8537702014828616,0.846959076499063,0.12147333544144281,0.34236565408615705
lyc0lh2d,cfg0,boot08,pooled+randproj@pca32,pooled+randproj@pca32,0,5000,3.5,51,0.0102,0.8396688469353961,0.838210302158052,0.12711075531277471,0.3522083541328306,0.8379487314071545,0.8332598537303425,0.0685544703426014,0.35890728773449776
lyc0lh2d,cfg0,boot08,z,z,0,5000,3.5,51,0.0102,0.8630239827205206,0.8581418157219114,0.19636777651436352,0.3280776508979965,0.8509457973407025,0.8426939149247182,0.151165383588864,0.3459561343384228
lyc0lh2d,cfg0,boot08,z@pca32,z@pca32,0,5000,3.5,51,0.0102,0.8634251377409781,0.8580534856304448,0.15882731466655112,0.32774278519804123,0.8720072409824307,0.8668228081886963,0.2275049437699411,0.3163444193248493
lyc0lh2d,cfg0,boot08,pred1,pred1,0,5000,3.5,51,0.0102,0.8261228940104133,0.811417499557822,0.1040318322141929,0.3803737418898747,0.87151035966829,0.8633210569108303,0.24847160291981352,0.3201784596159019
lyc0lh2d,cfg0,boot09,vn03,VN 3,0,5000,3.5,51,0.0102,0.6466033636688613,0.6308697308999511,0.024807697400864526,0.5314969260300171,0.7333651176089594,0.7062096918824601,0.028264288485599885,0.47377529375833144
lyc0lh2d,cfg0,boot09,vn03@pca32,vn03@pca32,0,5000,3.5,51,0.0102,0.6224226465287601,0.6093628212679405,0.02401958291067862,0.5427996487580113,0.6522380997476221,0.6230920780804587,0.020091553658866675,0.5313777724901116
lyc0lh2d,cfg0,boot09,vn06,VN 6,0,5000,3.5,51,0.0102,0.6733213606170423,0.6557214327832634,0.047593073089963016,0.5153030148435251,0.7490869634592985,0.7244440993356278,0.03474780975849901,0.4577949447192393
lyc0lh2d,cfg0,boot09,vn06@pca32,vn06@pca32,0,5000,3.5,51,0.0102,0.6521227357639223,0.6372478257080754,0.03456490730547597,0.525728440513055,0.6812774235568204,0.6542156283423386,0.02652476173080446,0.5123965304300059
lyc0lh2d,cfg0,boot09,vn09,VN 9,0,5000,3.5,51,0.0102,0.6785460008443172,0.661457390029853,0.04781387889820933,0.5106837077991626,0.762234875049269,0.7394997805047813,0.036632468180762795,0.4467507027387824
lyc0lh2d,cfg0,boot09,vn09@pca32,vn09@pca32,0,5000,3.5,51,0.0102,0.6601276090141892,0.6444172602062854,0.03485961332262588,0.5215696588208323,0.6865672653578097,0.6601960873610163,0.030119198296259024,0.5078480070888414
lyc0lh2d,cfg0,boot09,vn12,VN 12,0,5000,3.5,51,0.0102,0.6912148112839309,0.6732820526647941,0.050140610728434995,0.5035855282946542,0.773419860698311,0.7518105928644105,0.03927471542648813,0.4362393083414482
lyc0lh2d,cfg0,boot09,vn12@pca32,vn12@pca32,0,5000,3.5,51,0.0102,0.6709194565799963,0.6548463051311104,0.03304051069298727,0.5145113326618069,0.691917978102771,0.6661589284402685,0.03074907447859109,0.503581776880445
lyc0lh2d,cfg0,boot09,vn15,VN 15,0,5000,3.5,51,0.0102,0.702237127744391,0.6837945591170135,0.04732327623741077,0.4962725616050625,0.7826196085628487,0.7615596683373298,0.04117691316115424,0.42677587645558657
lyc0lh2d,cfg0,boot09,vn15@pca32,vn15@pca32,0,5000,3.5,51,0.0102,0.68062708635158,0.6642355250607459,0.04055789377803429,0.5089590207979983,0.7059330718586978,0.679326964702125,0.028569708582856377,0.49271507588035746
lyc0lh2d,cfg0,boot09,pooled512,Pooled embedding,0,5000,3.5,51,0.0102,0.84370627327536,0.8412374722281195,0.09099943839649666,0.34837622043632394,0.8518103788219247,0.8446891832198304,0.13781285483838784,0.34654647504650515
lyc0lh2d,cfg0,boot09,pooled512@pca32,pooled512@pca32,0,5000,3.5,51,0.0102,0.8361534932929966,0.8368031346160786,0.09122534482787427,0.35307472339679846,0.8450736095375886,0.8391465387797987,0.07819836258620125,0.35357628410645225
lyc0lh2d,cfg0,boot09,pooled+vn15,pooled+vn15,0,5000,3.5,51,0.0102,0.8124185438332725,0.8077368744125346,0.05855871020445511,0.38286828017396507,0.8556138059431637,0.8489535603175377,0.13696986208938078,0.34125549882590417
lyc0lh2d,cfg0,boot09,pooled+vn15@pca32,pooled+vn15@pca32,0,5000,3.5,51,0.0102,0.8115132005799046,0.8073182217626198,0.05833728541886775,0.38349830773661053,0.8278748977975351,0.8193286891186105,0.05565097961912388,0.3739701501885429
lyc0lh2d,cfg0,boot09,pooled@scaled,pooled@scaled,0,5000,3.5,51,0.0102,0.8357586144703943,0.8330689917735776,0.06042649223566117,0.3560032104209471,0.857459695627103,0.8508972282160827,0.13805876965247774,0.3378464217386831
lyc0lh2d,cfg0,boot09,pooled@scaled@pca32,pooled@scaled@pca32,0,5000,3.5,51,0.0102,0.8327729919561997,0.8324171964259398,0.06898206994863584,0.3573146718088811,0.8350481642801253,0.8276944278369076,0.07081719343666494,0.3668453361991435
lyc0lh2d,cfg0,boot09,pooled+randproj,pooled+randproj,0,5000,3.5,51,0.0102,0.8414077600142152,0.8386769578881178,0.07612641380237475,0.35069197301771005,0.8562000888519652,0.849590282988159,0.13898718586670272,0.3396567440056685
lyc0lh2d,cfg0,boot09,pooled+randproj@pca32,pooled+randproj@pca32,0,5000,3.5,51,0.0102,0.8357072984060099,0.8359778145724884,0.08921641143467188,0.35345825972630673,0.8406046218313332,0.8335983163675802,0.06258054514492957,0.3608097371356082
lyc0lh2d,cfg0,boot09,z,z,0,5000,3.5,51,0.0102,0.8606070315316356,0.8570784533782116,0.1619559089067359,0.327666851701213,0.8518875626138147,0.8437570397163942,0.12276631474453209,0.3446230960225879
lyc0lh2d,cfg0,boot09,z@pca32,z@pca32,0,5000,3.5,51,0.0102,0.8606808164475059,0.8574095185718777,0.16380148113553128,0.3282244941782313,0.8690380604874648,0.8632801781800408,0.16242436711563063,0.31938051335150053
lyc0lh2d,cfg0,boot09,pred1,pred1,0,5000,3.5,51,0.0102,0.8241804387184175,0.810273541256802,0.08498651210966102,0.38116921659733316,0.8702031742655366,0.8612161763547843,0.224081425252682,0.3219676499959645
lyc0lh2d,cfg1,boot00,vn03,VN 3,0,5000,3.5,51,0.0102,0.6692207227853328,0.6522181402254529,0.03514608394887164,0.516616400497049,0.7466850352787233,0.7202376997827238,0.02821338764366243,0.4633819893327592
lyc0lh2d,cfg1,boot00,vn03@pca32,vn03@pca32,0,5000,3.5,51,0.0102,0.6426255360693707,0.6287052280086431,0.04016843497560845,0.5288653248537456,0.6576823796045144,0.6315507086411012,0.022589520325690234,0.5267609994810255
lyc0lh2d,cfg1,boot00,vn06,VN 6,0,5000,3.5,51,0.0102,0.6988438444213881,0.6808700915333219,0.05292489000259937,0.497717652087034,0.7688524097608809,0.7461643116017692,0.04568968908981014,0.4422441888020453
lyc0lh2d,cfg1,boot00,vn06@pca32,vn06@pca32,0,5000,3.5,51,0.0102,0.6751522334498563,0.660642342750521,0.05646182407537903,0.5101191143645107,0.6959921814731829,0.6692520633526786,0.034287270290430015,0.5027244232061295
lyc0lh2d,cfg1,boot00,vn09,VN 9,0,5000,3.5,51,0.0102,0.705172034822658,0.6879664259007973,0.05788455734769088,0.4928578486186763,0.7765024793196765,0.7554000579210598,0.053263602798927924,0.4352045991977655
lyc0lh2d,cfg1,boot00,vn09@pca32,vn09@pca32,0,5000,3.5,51,0.0102,0.6854711498134017,0.6708783360531714,0.05814217301529711,0.5032940698428899,0.7086752739965221,0.6800090653082852,0.03395269288828421,0.494851685390879
lyc0lh2d,cfg1,boot00,vn12,VN 12,0,5000,3.5,51,0.0102,0.7227033924984292,0.7057874621747324,0.06795566636701031,0.4804438665391708,0.7926932288418189,0.7728764537327313,0.0686041312724138,0.42173090075582675
lyc0lh2d,cfg1,boot00,vn12@pca32,vn12@pca32,0,5000,3.5,51,0.0102,0.7016590597031913,0.6874048893554231,0.05165760029006457,0.4923966777927542,0.726313403508988,0.6970486598115548,0.03126358733417743,0.48102416664846104
lyc0lh2d,cfg1,boot00,vn15,VN 15,0,5000,3.5,51,0.0102,0.7349614264652069,0.7185760724721815,0.0666572062655617,0.47046200595187626,0.8021192336449194,0.7845636734208457,0.07910468068397422,0.4102669744165661
lyc0lh2d,cfg1,boot00,vn15@pca32,vn15@pca32,0,5000,3.5,51,0.0102,0.7154206580370928,0.7013512694846425,0.05149422779645086,0.4805852585158015,0.7415807943895806,0.7120858244669139,0.027298460558690563,0.4675991049699861
lyc0lh2d,cfg1,boot00,pooled512,Pooled embedding,0,5000,3.5,51,0.0102,0.8503789963366493,0.8487314283286223,0.20268259472325445,0.34233954372064834,0.8592182992461416,0.8544635415644983,0.22654216015664036,0.3352154916921697
lyc0lh2d,cfg1,boot00,pooled512@pca32,pooled512@pca32,0,5000,3.5,51,0.0102,0.8489849774684874,0.84945494272159,0.19220261990896426,0.3422229383757098,0.8650323846443826,0.8607668718529059,0.2399667657723158,0.32571787404188046
lyc0lh2d,cfg1,boot00,pooled+vn15,pooled+vn15,0,5000,3.5,51,0.0102,0.828021084292053,0.8249195803497847,0.10437484243973125,0.366847421489909,0.862314777823765,0.8580921092380571,0.24664269483868614,0.3302992940337407
lyc0lh2d,cfg1,boot00,pooled+vn15@pca32,pooled+vn15@pca32,0,5000,3.5,51,0.0102,0.829867270805431,0.8270726468129019,0.1079732563168093,0.3668425730270869,0.8483373630579278,0.8431995349222486,0.15312045682620096,0.348452679759138
lyc0lh2d,cfg1,boot00,pooled@scaled,pooled@scaled,0,5000,3.5,51,0.0102,0.8458790892304628,0.8435163371332561,0.1566201900424995,0.3473350441000993,0.865805994348791,0.861196856115681,0.24237449831469643,0.3251711264867477
lyc0lh2d,cfg1,boot00,pooled@scaled@pca32,pooled@scaled@pca32,0,5000,3.5,51,0.0102,0.842687119626504,0.8427094705643976,0.15882948836843658,0.3497130678592439,0.8601601841548137,0.8551648851991895,0.20849137668854373,0.3336100011772818
lyc0lh2d,cfg1,boot00,pooled+randproj,pooled+randproj,0,5000,3.5,51,0.0102,0.8491322578549714,0.8467771971588912,0.1733240300838467,0.34437024665793414,0.8641352294266639,0.8596877941188164,0.2382886698239945,0.3275664296350343
lyc0lh2d,cfg1,boot00,pooled+randproj@pca32,pooled+randproj@pca32,0,5000,3.5,51,0.0102,0.8468284862159499,0.8468460128938957,0.19446639561962814,0.34426063002616325,0.8634169721739527,0.8589065397956667,0.23246475943353945,0.3279124335791573
lyc0lh2d,cfg1,boot00,z,z,0,5000,3.5,51,0.0102,0.8680363711202546,0.8643792292051768,0.2940221276810309,0.32294785632736167,0.8637460786096037,0.8588597521286847,0.2291379544433127,0.32812637990714355
lyc0lh2d,cfg1,boot00,z@pca32,z@pca32,0,5000,3.5,51,0.0102,0.8672862258354535,0.8642688279399233,0.27758671556724057,0.32353256950563125,0.8750777118183515,0.8701332230750322,0.2709623606774575,0.3122243370747597
lyc0lh2d,cfg1,boot00,pred1,pred1,0,5000,3.5,51,0.0102,0.8311663981769741,0.8163969706920794,0.10466661252173706,0.3724312971694911,0.8754781033506533,0.8670688039764222,0.289309035102425,0.31477296472547
lyc0lh2d,cfg1,boot01,vn03,VN 3,0,5000,3.5,51,0.0102,0.6742853264486401,0.6580744048164068,0.03565430566599138,0.5133945332816483,0.7443527232124145,0.720659170414129,0.0323731697458928,0.4626377809820984
lyc0lh2d,cfg1,boot01,vn03@pca32,vn03@pca32,0,5000,3.5,51,0.0102,0.6542546648065246,0.6401738385414385,0.03431425537969239,0.5209482477328317,0.667906436689349,0.6378095059459746,0.02154881153809327,0.5222725587790529
lyc0lh2d,cfg1,boot01,vn06,VN 6,0,5000,3.5,51,0.0102,0.7073070253866381,0.6898923120740283,0.05458821429131626,0.49039434126275144,0.759013241866624,0.7366975550077799,0.040929652183321744,0.4501409014471385
lyc0lh2d,cfg1,boot01,vn06@pca32,vn06@pca32,0,5000,3.5,51,0.0102,0.6878519302677993,0.6728826056806972,0.04825765369395102,0.5002353569225745,0.6926267465088103,0.6628898106640406,0.030082163713043737,0.505669882009113
lyc0lh2d,cfg1,boot01,vn09,VN 9,0,5000,3.5,51,0.0102,0.7152102013306858,0.6983385484668361,0.049360565525276665,0.4851888282913693,0.7723148454276134,0.7529371118446699,0.05202353315526695,0.43634205706126594
lyc0lh2d,cfg1,boot01,vn09@pca32,vn09@pca32,0,5000,3.5,51,0.0102,0.698984243397283,0.6837427564021072,0.05324005988540957,0.4935846630088412,0.7069438341341897,0.676838768201837,0.032448600881964426,0.4962600861952261
lyc0lh2d,cfg1,boot01,vn12,VN 12,0,5000,3.5,51,0.0102,0.7252801770126445,0.7074597423717732,0.0589279760828475,0.4794865214055966,0.7860024348923476,0.7671127987025306,0.061730255666611514,0.4267075317815869
lyc0lh2d,cfg1,boot01,vn12@pca32,vn12@pca32,0,5000,3.5,51,0.0102,0.7056285573398593,0.6901654278815043,0.053263940976780555,0.4888467058360323,0.71667300067003,0.6856227123267852,0.032935490145144755,0.488981383717266
lyc0lh2d,cfg1,boot01,vn15,VN 15,0,5000,3.5,51,0.0102,0.7343154867201547,0.7162712250130252,0.05780108936682471,0.47234181626973515,0.7974006094313563,0.7802375297109425,0.06842483253104677,0.41492811091418835
lyc0lh2d,cfg1,boot01,vn15@pca32,vn15@pca32,0,5000,3.5,51,0.0102,0.7132918520547591,0.6972376242501044,0.046669570576332114,0.4827653518554451,0.7273697818739084,0.6958324171303205,0.027726703918714644,0.4794708953075026
lyc0lh2d,cfg1,boot01,pooled512,Pooled embedding,0,5000,3.5,51,0.0102,0.8455378439368242,0.8433480638129227,0.1553039485138827,0.3466998817828887,0.8527031988195912,0.8485960567144799,0.21960759492065807,0.34105105154360815
lyc0lh2d,cfg1,boot01,pooled512@pca32,pooled512@pca32,0,5000,3.5,51,0.0102,0.8427151073063492,0.8425404395219469,0.13388885351229984,0.347362756628146,0.8616193363155537,0.8584690185360833,0.2447363866244187,0.32856516844580674
lyc0lh2d,cfg1,boot01,pooled+vn15,pooled+vn15,0,5000,3.5,51,0.0102,0.8236435708449057,0.8223072599543897,0.09474525477861928,0.36894898147606003,0.8565173964483905,0.8524225063733566,0.2400425813759683,0.33605646233321373
lyc0lh2d,cfg1,boot01,pooled+vn15@pca32,pooled+vn15@pca32,0,5000,3.5,51,0.0102,0.8231224016705442,0.8233659503329802,0.09781142388054023,0.3696744126426311,0.8323774458322334,0.8286022485264896,0.18739902561295493,0.3654989058343806
lyc0lh2d,cfg1,boot01,pooled@scaled,pooled@scaled,0,5000,3.5,51,0.0102,0.839293796818656,0.8376895897447314,0.15057087514736212,0.3521666550413035,0.8592693590086125,0.8557639035879847,0.2444135578152422,0.33108848300967003
lyc0lh2d,cfg1,boot01,pooled@scaled@pca32,pooled@scaled@pca32,0,5000,3.5,51,0.0102,0.8400184667472177,0.8393862186346563,0.11715052243014637,0.35088508048756883,0.8542434653302622,0.8512299057980265,0.23132150298759824,0.3383118557569307
lyc0lh2d,cfg1,boot01,pooled+randproj,pooled+randproj,0,5000,3.5,51,0.0102,0.8424899411962383,0.8410965257782748,0.14554846490902007,0.34951659013699937,0.857746643842252,0.8540721645336631,0.23535790886113636,0.3334845224237396
lyc0lh2d,cfg1,boot01,pooled+randproj@pca32,pooled+randproj@pca32,0,5000,3.5,51,0.0102,0.8411758331693311,0.8421865578227798,0.14885409872344832,0.3487000661553955,0.8564511549755207,0.8537272775575009,0.23868307317993728,0.3349252715527097
lyc0lh2d,cfg1,boot01,z,z,0,5000,3.5,51,0.0102,0.8630189417610254,0.8599903920032756,0.2168764021323917,0.32619779995449816,0.8541622443031969,0.8494692957450727,0.21436512508475858,0.34007853807669564
lyc0lh2d,cfg1,boot01,z@pca32,z@pca32,0,5000,3.5,51,0.0102,0.8618473560280892,0.8593375564350787,0.19927619465861174,0.3275400889469179,0.8704833464819877,0.8662854881242887,0.25310746150602337,0.31806024009146033
lyc0lh2d,cfg1,boot01,pred1,pred1,0,5000,3.5,51,0.0102,0.826026551904774,0.8112831112040286,0.13010985004296205,0.3794288771259309,0.8708359766135916,0.8624228338396617,0.26569198614747436,0.3214924939103827
lyc0lh2d,cfg1,boot02,vn03,VN 3,0,5000,3.5,51,0.0102,0.6703869225297528,0.6552549237150855,0.030744088806034586,0.5138796188762541,0.7480625358029005,0.7217564038836612,0.0341931109830989,0.46162815358984255
lyc0lh2d,cfg1,boot02,vn03@pca32,vn03@pca32,0,5000,3.5,51,0.0102,0.6477114514980206,0.6339469343220809,0.0316586631223039,0.5253913001401178,0.6544485558092366,0.6256556664356037,0.024844001616752584,0.5310900518127531
lyc0lh2d,cfg1,boot02,vn06,VN 6,0,5000,3.5,51,0.0102,0.7030630159185196,0.6855432419815102,0.06055638298834383,0.4933747359553571,0.7616988964118994,0.7376164132860392,0.04108546081608577,0.44900311893571665
lyc0lh2d,cfg1,boot02,vn06@pca32,vn06@pca32,0,5000,3.5,51,0.0102,0.6844656612954185,0.6688516318403945,0.05443227457416824,0.5054386384583754,0.7002484037217218,0.6717765631420074,0.03593939561922245,0.4998079558473578
lyc0lh2d,cfg1,boot02,vn09,VN 9,0,5000,3.5,51,0.0102,0.7110699516425785,0.6928164468550562,0.05706162142062811,0.4904327312919494,0.7788938376489702,0.7576324139010707,0.059588834803933635,0.4324952070089746
lyc0lh2d,cfg1,boot02,vn09@pca32,vn09@pca32,0,5000,3.5,51,0.0102,0.6940166890747397,0.6771788365031292,0.05744038550835256,0.5008729413962708,0.7214002439216949,0.6921711098429868,0.04000446397326383,0.48420918651917466
lyc0lh2d,cfg1,boot02,vn12,VN 12,0,5000,3.5,51,0.0102,0.7214323183271234,0.7022987794623998,0.048189714946638165,0.4848521974177809,0.7956179323504285,0.7779536233359843,0.0857030895911369,0.41760801304416656
lyc0lh2d,cfg1,boot02,vn12@pca32,vn12@pca32,0,5000,3.5,51,0.0102,0.7041353548751712,0.6866281573022035,0.053919719872953964,0.49420356829223355,0.7373885883003495,0.7090648492110752,0.04133929347241287,0.4712115641430543
lyc0lh2d,cfg1,boot02,vn15,VN 15,0,5000,3.5,51,0.0102,0.7332854288601816,0.7143286065901899,0.054328795772156005,0.4767266579993464,0.8011791184760725,0.78577680363908,0.11518980676379485,0.4108832066529725
lyc0lh2d,cfg1,boot02,vn15@pca32,vn15@pca32,0,5000,3.5,51,0.0102,0.7184514022957651,0.7006232306601671,0.05277007387926344,0.4845968693110501,0.7511049342392297,0.7242886429934876,0.043180234123404125,0.45873763682623553
lyc0lh2d,cfg1,boot02,pooled512,Pooled embedding,0,5000,3.5,51,0.0102,0.8511062809481026,0.8483308320637146,0.17967063549055928,0.3409826552985856,0.8580291507881934,0.8531453677558731,0.24252444376521515,0.3350573795644168
lyc0lh2d,cfg1,boot02,pooled512@pca32,pooled512@pca32,0,5000,3.5,51,0.0102,0.8484384554863197,0.8477270987048824,0.1930751591063395,0.3428262622132896,0.8653607725086783,0.862832323631811,0.24400954332413355,0.3238117264332738
lyc0lh2d,cfg1,boot02,pooled+vn15,pooled+vn15,0,5000,3.5,51,0.0102,0.8284632363063618,0.8257978302273028,0.15500656085887787,0.3659978585101603,0.8612409416521235,0.8567331373526883,0.2508632255537655,0.33135005458931444
lyc0lh2d,cfg1,boot02,pooled+vn15@pca32,pooled+vn15@pca32,0,5000,3.5,51,0.0102,0.8272281447438274,0.8261336249343677,0.15142960144649942,0.36662780879531687,0.8482110239166584,0.8426419748035261,0.2427206725721222,0.34857078762251237
lyc0lh2d,cfg1,boot02,pooled@scaled,pooled@scaled,0,5000,3.5,51,0.0102,0.8457119990020292,0.8423781475456451,0.2008938576294878,0.34669570930460625,0.8646238828350631,0.8601114052510289,0.2504989306502827,0.3262889831047914
lyc0lh2d,cfg1,boot02,pooled@scaled@pca32,pooled@scaled@pca32,0,5000,3.5,51,0.0102,0.8442381627925089,0.844133742030077,0.20471484286219857,0.3456298490043834,0.8588031994251688,0.855015645332426,0.23259612314381498,0.334150760690369
lyc0lh2d,cfg1,boot02,pooled+randproj,pooled+randproj,0,5000,3.5,51,0.0102,0.8494191198014929,0.8465648227434421,0.19220620378053277,0.34328950769548133,0.8630899089803614,0.8585869066041935,0.2457037597008489,0.3280448311265237
lyc0lh2d,cfg1,boot02,pooled+randproj@pca32,pooled+randproj@pca32,0,5000,3.5,51,0.0102,0.8469890321563833,0.846957677340266,0.20471515354481604,0.3435996656697824,0.8625244033249619,0.8592018144011637,0.24255937454893675,0.3287228389311197
lyc0lh2d,cfg1,boot02,z,z,0,5000,3.5,51,0.0102,0.8661625492680542,0.8621141669740764,0.19332579793447263,0.32226990839707503,0.8646215299223181,0.8601755163501266,0.24102109413966974,0.3252673141105287
lyc0lh2d,cfg1,boot02,z@pca32,z@pca32,0,5000,3.5,51,0.0102,0.8656385938127652,0.8615688661717675,0.21153465326207693,0.32348818731184154,0.8720221689820671,0.8676961229065077,0.22581489123777965,0.31609761922050905
lyc0lh2d,cfg1,boot02,pred1,pred1,0,5000,3.5,51,0.0102,0.8233661989469945,0.809191496533837,0.10789409870366252,0.38244787681767045,0.8712546025598348,0.8620664956499254,0.24169096739874593,0.3203217825480795
lyc0lh2d,cfg1,boot03,vn03,VN 3,0,5000,3.5,51,0.0102,0.671601178010713,0.6550265747830099,0.034716288222160885,0.5161075070114751,0.7408556096063907,0.7145764300356627,0.027725442679628714,0.4663851451584703
lyc0lh2d,cfg1,boot03,vn03@pca32,vn03@pca32,0,5000,3.5,51,0.0102,0.6523791771434488,0.637733947019508,0.036647621604961135,0.526086044827514,0.6768005909852939,0.6464801017768739,0.024238196232761397,0.5168041822692004
lyc0lh2d,cfg1,boot03,vn06,VN 6,0,5000,3.5,51,0.0102,0.7100703024072326,0.6919167392377341,0.056468484517666014,0.48888609803801086,0.7607391078766382,0.7366429963560984,0.0370698962112061,0.4483787188535322
lyc0lh2d,cfg1,boot03,vn06@pca32,vn06@pca32,0,5000,3.5,51,0.0102,0.6903371287699483,0.6741323338659597,0.0530042993964317,0.4999017806405401,0.7015750065777988,0.6727723052911234,0.03279690500235512,0.4990040787001127
lyc0lh2d,cfg1,boot03,vn09,VN 9,0,5000,3.5,51,0.0102,0.7195427948373517,0.7020174197137035,0.05482406413599557,0.4814671773268576,0.777676492080832,0.7546580283559922,0.0443633816573881,0.43443763860821816
lyc0lh2d,cfg1,boot03,vn09@pca32,vn09@pca32,0,5000,3.5,51,0.0102,0.7022448277203168,0.6858973076930677,0.056322839908316345,0.4915365946606839,0.7137656879915011,0.6848679405773622,0.03430152398013596,0.49003414615149965
lyc0lh2d,cfg1,boot03,vn12,VN 12,0,5000,3.5,51,0.0102,0.7343043357485355,0.7168228899478688,0.05892409008310129,0.47226679904349034,0.7946305200345913,0.7750748409211791,0.05194188311167321,0.4186238423450215
lyc0lh2d,cfg1,boot03,vn12@pca32,vn12@pca32,0,5000,3.5,51,0.0102,0.7148629568706796,0.6992353521907115,0.05525755184800034,0.4836031907567323,0.7269177546114359,0.699772146001894,0.03680111551772849,0.47871017315959274
lyc0lh2d,cfg1,boot03,vn15,VN 15,0,5000,3.5,51,0.0102,0.7417434472722453,0.7249723585289651,0.058586346393491445,0.46600593891158537,0.8044623791525429,0.7868453952024588,0.06261193854054266,0.4084377758356722
lyc0lh2d,cfg1,boot03,vn15@pca32,vn15@pca32,0,5000,3.5,51,0.0102,0.7230712017159673,0.7074604091484524,0.05564920110138223,0.47721868040983717,0.7343951717216629,0.7071048133395819,0.03384231027761529,0.47353278887050043
lyc0lh2d,cfg1,boot03,pooled512,Pooled embedding,0,5000,3.5,51,0.0102,0.8493566356698296,0.8456925031445315,0.1559227975651023,0.34448644929298994,0.8554034797470527,0.850951752128412,0.19404173388378446,0.33920062647897453
lyc0lh2d,cfg1,boot03,pooled512@pca32,pooled512@pca32,0,5000,3.5,51,0.0102,0.8492624492665009,0.8476917082639025,0.17587184079191634,0.3438625355481667,0.8617832981736642,0.858921583736258,0.2068387610190675,0.33006578374883966
lyc0lh2d,cfg1,boot03,pooled+vn15,pooled+vn15,0,5000,3.5,51,0.0102,0.8273053968653956,0.8235125012704028,0.09701201482010677,0.3677319058201469,0.861256862845965,0.8563691632002384,0.20142958846407508,0.33215392777009517
lyc0lh2d,cfg1,boot03,pooled+vn15@pca32,pooled+vn15@pca32,0,5000,3.5,51,0.0102,0.8281366216785286,0.8258962517353157,0.0835482368598392,0.36613070184360713,0.8409870532099522,0.8362243266647856,0.12153156241692306,0.35860265919983164
lyc0lh2d,cfg1,boot03,pooled@scaled,pooled@scaled,0,5000,3.5,51,0.0102,0.8427097925597316,0.8383195498089927,0.15064845456807743,0.35237669667829996,0.8626949297615274,0.8582792736591789,0.20685383759427664,0.3295215493222818
lyc0lh2d,cfg1,boot03,pooled@scaled@pca32,pooled@scaled@pca32,0,5000,3.5,51,0.0102,0.8442610891834543,0.8432349351649576,0.163769465891492,0.34842002825750507,0.8550309035980357,0.851412981519654,0.16275991227236197,0.3397081025049184
lyc0lh2d,cfg1,boot03,pooled+randproj,pooled+randproj,0,5000,3.5,51,0.0102,0.8471040795347438,0.8429525632836529,0.1448747686865308,0.3479817831821044,0.8607999295660179,0.85657449914879,0.19871309657632544,0.3317625646723419
lyc0lh2d,cfg1,boot03,pooled+randproj@pca32,pooled+randproj@pca32,0,5000,3.5,51,0.0102,0.846358737948759,0.8453112241406984,0.16264201075657025,0.3466091130767709,0.8578294757498794,0.8551295571641635,0.16663933385215424,0.3364537831940003
lyc0lh2d,cfg1,boot03,z,z,0,5000,3.5,51,0.0102,0.8683907666188911,0.8650927429005417,0.25293174855122996,0.32115051274678863,0.8588908461909827,0.8542080603725632,0.20582346501019563,0.33470478433692485
lyc0lh2d,cfg1,boot03,z@pca32,z@pca32,0,5000,3.5,51,0.0102,0.8682309306743845,0.8654697807612617,0.2526242222111865,0.32182720459821135,0.8747312560925384,0.8702053830045569,0.2527878976601792,0.31406795803060283
lyc0lh2d,cfg1,boot03,pred1,pred1,0,5000,3.5,51,0.0102,0.8317744889486565,0.8161853843641735,0.09791752029790377,0.37253779394123826,0.8755549752093748,0.8679629688921915,0.26457410351978716,0.31533962194516596
lyc0lh2d,cfg1,boot04,vn03,VN 3,0,5000,3.5,51,0.0102,0.6640977302584868,0.6489354741105194,0.031332083087763675,0.5200964026961046,0.7469908700081735,0.7220022178630292,0.03159982945259548,0.46131741288876543
lyc0lh2d,cfg1,boot04,vn03@pca32,vn03@pca32,0,5000,3.5,51,0.0102,0.6422964624795472,0.6302595592034683,0.03204646774725444,0.5300193438888441,0.6677211876161024,0.6404160372736662,0.022360274174626743,0.5210757442850771
lyc0lh2d,cfg1,boot04,vn06,VN 6,0,5000,3.5,51,0.0102,0.6840819908453635,0.6666976790241326,0.05502368023358867,0.5078179714589257,0.7608594964003691,0.7357325800309602,0.033254085472128846,0.4510538775873961
lyc0lh2d,cfg1,boot04,vn06@pca32,vn06@pca32,0,5000,3.5,51,0.0102,0.6636998357850794,0.6490336456804964,0.04986114046889967,0.5187093961182121,0.695178919440145,0.6673492328965749,0.026387471471448452,0.5023633157732617
lyc0lh2d,cfg1,boot04,vn09,VN 9,0,5000,3.5,51,0.0102,0.6949170045783984,0.6775312418316494,0.057183593611213196,0.5023888183551888,0.7702545271561597,0.747051992169351,0.036367084456169006,0.44104021960932804
lyc0lh2d,cfg1,boot04,vn09@pca32,vn09@pca32,0,5000,3.5,51,0.0102,0.6755032910396922,0.6606058806048887,0.049770103033090776,0.510779940055248,0.7049688636359153,0.6776841797527614,0.02723486925235185,0.49524052080678427
lyc0lh2d,cfg1,boot04,vn12,VN 12,0,5000,3.5,51,0.0102,0.7090009104044979,0.6908239680194779,0.05344265361947562,0.4939236143298579,0.7882163724645105,0.7670830716965011,0.04484139529378242,0.4266423721861339
lyc0lh2d,cfg1,boot04,vn12@pca32,vn12@pca32,0,5000,3.5,51,0.0102,0.6885771627925266,0.673414901862619,0.03761620363907709,0.5023255884002406,0.7168357253876727,0.6893585348545599,0.025385724025392603,0.4859319710502872
lyc0lh2d,cfg1,boot04,vn15,VN 15,0,5000,3.5,51,0.0102,0.7190177843726441,0.7004948918400363,0.04866872568823511,0.48698496067134667,0.797016659234389,0.7781275461729564,0.05164103589597745,0.41537081230227346
lyc0lh2d,cfg1,boot04,vn15@pca32,vn15@pca32,0,5000,3.5,51,0.0102,0.6944874259484302,0.6808510721783475,0.042405200334924065,0.496715673254964,0.7227841781400421,0.6947048035428833,0.022538234514456894,0.4811386346470055
lyc0lh2d,cfg1,boot04,pooled512,Pooled embedding,0,5000,3.5,51,0.0102,0.8504518302497974,0.8482032641509911,0.18247245573011514,0.342501994552689,0.8546519902707326,0.8497096946791272,0.2103567316524111,0.3415123337782334
lyc0lh2d,cfg1,boot04,pooled512@pca32,pooled512@pca32,0,5000,3.5,51,0.0102,0.8508543695870695,0.848895955241326,0.15818637228341975,0.340879546306068,0.8631646747785943,0.858799675687556,0.18381774464679562,0.3290066842699074
lyc0lh2d,cfg1,boot04,pooled+vn15,pooled+vn15,0,5000,3.5,51,0.0102,0.8297365403146728,0.8264581467051357,0.07493236782628512,0.3646399837136417,0.8585557011199454,0.8534819420052844,0.19159254768875864,0.33707012671119463
lyc0lh2d,cfg1,boot04,pooled+vn15@pca32,pooled+vn15@pca32,0,5000,3.5,51,0.0102,0.8322484568086508,0.8287048816189908,0.0707860796826999,0.3632549534442445,0.8489434532427795,0.8427806886243616,0.11317243189820109,0.34853804191415055
lyc0lh2d,cfg1,boot04,pooled@scaled,pooled@scaled,0,5000,3.5,51,0.0102,0.8466542138410352,0.8437914531471924,0.15449559914492128,0.3466591459660886,0.8614971705652016,0.8569252663824907,0.21057258825408393,0.33160435144206324
lyc0lh2d,cfg1,boot04,pooled@scaled@pca32,pooled@scaled@pca32,0,5000,3.5,51,0.0102,0.845973912455736,0.8441090465910324,0.14398476042024028,0.3461214892002735,0.8584868450404043,0.8528269306192855,0.15568526032356883,0.3371025462709185
lyc0lh2d,cfg1,boot04,pooled+randproj,pooled+randproj,0,5000,3.5,51,0.0102,0.8488091316753357,0.8463165829886166,0.17993587827474872,0.3440943340077488,0.8601160096034725,0.8555940091213632,0.21439920133549262,0.33331459507111083
lyc0lh2d,cfg1,boot04,pooled+randproj@pca32,pooled+randproj@pca32,0,5000,3.5,51,0.0102,0.847848501507194,0.8456185140704513,0.14133059734897005,0.34372430622866346,0.861247937178504,0.8565472380495739,0.1660220539109589,0.33207818854197324
lyc0lh2d,cfg1,boot04,z,z,0,5000,3.5,51,0.0102,0.8651866257523113,0.8619236436919101,0.23794999018413915,0.32473182300170955,0.8590942943922064,0.8531474673944348,0.17956056886187732,0.33570800232008735
lyc0lh2d,cfg1,boot04,z@pca32,z@pca32,0,5000,3.5,51,0.0102,0.8648638239275404,0.8614799260619272,0.22857716215560142,0.3252405170889764,0.8730410835907692,0.8673253251366839,0.19693003419243973,0.3170779408124093
lyc0lh2d,cfg1,boot04,pred1,pred1,0,5000,3.5,51,0.0102,0.824414052651343,0.8071091548930951,0.0758142758021517,0.38119084171240963,0.8730006788269202,0.8637880884779414,0.21103965229528338,0.31997999777496
lyc0lh2d,cfg1,boot05,vn03,VN 3,0,5000,3.5,51,0.0102,0.6750718468082693,0.6584257478443372,0.034453353633652956,0.51390593555824,0.7403266720584416,0.7144132154560806,0.03028101777328096,0.46613002572831963
lyc0lh2d,cfg1,boot05,vn03@pca32,vn03@pca32,0,5000,3.5,51,0.0102,0.6516292461499489,0.6378309173980921,0.04361386582417028,0.5232073598445944,0.665371300368025,0.6379055670816212,0.02360635747088184,0.5221136524999495
lyc0lh2d,cfg1,boot05,vn06,VN 6,0,5000,3.5,51,0.0102,0.6959756936918966,0.6788415982751141,0.04419645372715747,0.5002265212855137,0.7620563991923645,0.7395965031386724,0.04240856047360243,0.447771547014327
lyc0lh2d,cfg1,boot05,vn06@pca32,vn06@pca32,0,5000,3.5,51,0.0102,0.6752802453714686,0.6606332451960624,0.04615323816614651,0.5096886393976625,0.6817136788461566,0.6552297933551177,0.02789595674349799,0.5109983602293751
lyc0lh2d,cfg1,boot05,vn09,VN 9,0,5000,3.5,51,0.0102,0.7075798167725339,0.6890046352477255,0.04441184711913136,0.4943889731790464,0.773973485198435,0.7524544507931394,0.04449911087554384,0.43733100297288535
lyc0lh2d,cfg1,boot05,vn09@pca32,vn09@pca32,0,5000,3.5,51,0.0102,0.6880528939896333,0.6722307428643581,0.057515591876284605,0.5042326787148784,0.6899922319352747,0.6631492229125038,0.029681086610924813,0.5061275923283914
lyc0lh2d,cfg1,boot05,vn12,VN 12,0,5000,3.5,51,0.0102,0.7155394183861832,0.6964048638145368,0.05617755319420484,0.4905772656951378,0.7905189406979976,0.7705124845349995,0.05281975639425676,0.42238483635679513
lyc0lh2d,cfg1,boot05,vn12@pca32,vn12@pca32,0,5000,3.5,51,0.0102,0.6944034885229342,0.67868717921475,0.052206352087804914,0.500396455829621,0.6981951276365491,0.6716121210520614,0.030632699097561278,0.5002938111026697
lyc0lh2d,cfg1,boot05,vn15,VN 15,0,5000,3.5,51,0.0102,0.7247826163625355,0.7058052134903646,0.06593221384496388,0.48306078563192034,0.7983347370713989,0.7801928816151493,0.05681448662238984,0.4141541240325254
lyc0lh2d,cfg1,boot05,vn15@pca32,vn15@pca32,0,5000,3.5,51,0.0102,0.6995410311516324,0.6850343788841647,0.049487275388729865,0.49390905578610655,0.7160441954084404,0.6892746408830084,0.030524816271444915,0.48621326752201477
lyc0lh2d,cfg1,boot05,pooled512,Pooled embedding,0,5000,3.5,51,0.0102,0.8492998419626814,0.8477732751079231,0.14569426977168312,0.3417212622156072,0.8582486631946811,0.8531322143365245,0.21039013458881775,0.33742963607610016
lyc0lh2d,cfg1,boot05,pooled512@pca32,pooled512@pca32,0,5000,3.5,51,0.0102,0.8505221462058905,0.8488079466311048,0.16615937068485867,0.3404128116316781,0.8658318941848521,0.8624184464017998,0.20558449341697732,0.32351212141294095
lyc0lh2d,cfg1,boot05,pooled+vn15,pooled+vn15,0,5000,3.5,51,0.0102,0.8332757698081787,0.831075590404347,0.10731497190162521,0.36010628729619654,0.8611490213049454,0.8556331275979976,0.20429577883407862,0.3329183603082405
lyc0lh2d,cfg1,boot05,pooled+vn15@pca32,pooled+vn15@pca32,0,5000,3.5,51,0.0102,0.8323573390614766,0.8315419196260352,0.09876888820851282,0.36120348071175534,0.8488222434982793,0.8460059723448046,0.2071188396990103,0.3462937275027056
lyc0lh2d,cfg1,boot05,pooled@scaled,pooled@scaled,0,5000,3.5,51,0.0102,0.845834042135652,0.8440165561519082,0.12358321261965209,0.34429759736168186,0.8642572835252491,0.8594239326438579,0.21834255738315927,0.3281173689400242
lyc0lh2d,cfg1,boot05,pooled@scaled@pca32,pooled@scaled@pca32,0,5000,3.5,51,0.0102,0.8460795548486949,0.8450613731346022,0.1505413398353801,0.34452333782375555,0.8584423074103935,0.8551586327004879,0.20611799949980789,0.33403694833934583
lyc0lh2d,cfg1,boot05,pooled+randproj,pooled+randproj,0,5000,3.5,51,0.0102,0.8468084476556628,0.8453183029398716,0.13927988436981048,0.34372513782456154,0.8629360337490615,0.858216013232304,0.21802650406416252,0.3299739351975173
lyc0lh2d,cfg1,boot05,pooled+randproj@pca32,pooled+randproj@pca32,0,5000,3.5,51,0.0102,0.8466697761137835,0.84587056835842,0.13284877343302154,0.3440546855660219,0.8604910538374846,0.8576316728812274,0.2135054604149424,0.330735642548567
lyc0lh2d,cfg1,boot05,z,z,0,5000,3.5,51,0.0102,0.8676716882590483,0.8633409468328046,0.20320341175390375,0.32086253394104586,0.8646743481967711,0.8593645160111444,0.19699821105769677,0.32820296491749623
lyc0lh2d,cfg1,boot05,z@pca32,z@pca32,0,5000,3.5,51,0.0102,0.8670814393704118,0.8632717693327455,0.190174317992857,0.3217924921800811,0.8739581929149901,0.8684664589776563,0.21131873408280305,0.3155910004196862
lyc0lh2d,cfg1,boot05,pred1,pred1,0,5000,3.5,51,0.0102,0.824768858505887,0.8093003136211552,0.11922599200244649,0.3808050666990732,0.8734800680259581,0.8646552429741574,0.22197190445186077,0.31868665622419506
lyc0lh2d,cfg1,boot06,vn03,VN 3,0,5000,3.5,51,0.0102,0.6618710400078798,0.6455170446929835,0.03450787207128443,0.5215598595664972,0.7443976858565551,0.7191437662766293,0.03076235537941235,0.46452696727700404
lyc0lh2d,cfg1,boot06,vn03@pca32,vn03@pca32,0,5000,3.5,51,0.0102,0.6373984584307386,0.623805234909923,0.030854386080545734,0.5336317720527448,0.6614487346383233,0.6301299334506482,0.025012928851379235,0.5266159087204553
lyc0lh2d,cfg1,boot06,vn06,VN 6,0,5000,3.5,51,0.0102,0.6863289124918026,0.6694708014041142,0.05989781297799904,0.5064798253355193,0.7600056612618137,0.7378512420102932,0.044402538323218096,0.4485635846104151
lyc0lh2d,cfg1,boot06,vn06@pca32,vn06@pca32,0,5000,3.5,51,0.0102,0.6631505071090716,0.6478252801669546,0.043474218359991115,0.5178366974095628,0.6917757859723221,0.6599988923183392,0.03044747558998881,0.5063773442290593
lyc0lh2d,cfg1,boot06,vn09,VN 9,0,5000,3.5,51,0.0102,0.6996034688657212,0.6823385437302114,0.05498500685864544,0.49844279802301805,0.7691356070426256,0.747215310730204,0.05989305102797195,0.4406131358035438
lyc0lh2d,cfg1,boot06,vn09@pca32,vn09@pca32,0,5000,3.5,51,0.0102,0.6773719225421916,0.661662226713293,0.04757161116003679,0.5091270357350933,0.709163137333894,0.6784341930576423,0.03511915544367045,0.49347059736923815
lyc0lh2d,cfg1,boot06,vn12,VN 12,0,5000,3.5,51,0.0102,0.7061329113692705,0.6885444168220765,0.06622320608218285,0.4925136223739076,0.7846651324635341,0.7659387801858419,0.07305925069406932,0.4265848729422328
lyc0lh2d,cfg1,boot06,vn12@pca32,vn12@pca32,0,5000,3.5,51,0.0102,0.6887702814443541,0.672225656519565,0.042514532238682574,0.5011452459896051,0.7231830217795677,0.6933107183656888,0.03140772032274001,0.48225954412888183
lyc0lh2d,cfg1,boot06,vn15,VN 15,0,5000,3.5,51,0.0102,0.7246817070390403,0.7073292335205007,0.05338686423572974,0.4792858473991744,0.7920783000971865,0.7752433552406909,0.07898976273979041,0.4185889253433658
lyc0lh2d,cfg1,boot06,vn15@pca32,vn15@pca32,0,5000,3.5,51,0.0102,0.7068331872074525,0.6908313450196083,0.05021276120898999,0.4881316745915373,0.7376794594617101,0.7077995603273708,0.02711408210641765,0.47113192018956396
lyc0lh2d,cfg1,boot06,pooled512,Pooled embedding,0,5000,3.5,51,0.0102,0.8458901421277522,0.8443832007447449,0.1800492983117885,0.3445961518166427,0.8528459878298567,0.8484378581371037,0.23517761643922647,0.3419852420414354
lyc0lh2d,cfg1,boot06,pooled512@pca32,pooled512@pca32,0,5000,3.5,51,0.0102,0.8451466391513409,0.8458634521490953,0.20074879067794632,0.34352082426050057,0.8629435489654671,0.8590020066813956,0.23945752360905936,0.3279076578110297
lyc0lh2d,cfg1,boot06,pooled+vn15,pooled+vn15,0,5000,3.5,51,0.0102,0.8220304937742822,0.8203298854095102,0.1094923255718504,0.37213547719909557,0.8569087413952101,0.8525733188760869,0.23376251450136673,0.33661895023503074
lyc0lh2d,cfg1,boot06,pooled+vn15@pca32,pooled+vn15@pca32,0,5000,3.5,51,0.0102,0.8235645943968772,0.8215613498150516,0.09623332013384132,0.37106147715686394,0.8394650437425073,0.8339394717414612,0.1674086627570923,0.3579255624826402
lyc0lh2d,cfg1,boot06,pooled@scaled,pooled@scaled,0,5000,3.5,51,0.0102,0.8396253712924919,0.8388842466553363,0.18042236628662084,0.3510367771355712,0.8599653297355578,0.8554716358969545,0.24666772547602045,0.3319858909901816
lyc0lh2d,cfg1,boot06,pooled@scaled@pca32,pooled@scaled@pca32,0,5000,3.5,51,0.0102,0.8406069928388088,0.8405170820558184,0.16420043667474296,0.3494705728801442,0.8568766084321937,0.8521439575251237,0.2420260188020723,0.3366075986003245
lyc0lh2d,cfg1,boot06,pooled+randproj,pooled+randproj,0,5000,3.5,51,0.0102,0.8447436217353141,0.8422492818769527,0.180074711616823,0.34671655257284695,0.8582418928222222,0.853988281490432,0.24469730185048405,0.3344051132091581
lyc0lh2d,cfg1,boot06,pooled+randproj@pca32,pooled+randproj@pca32,0,5000,3.5,51,0.0102,0.8436625392233901,0.8434456161299888,0.19638388372489896,0.34487267617078465,0.8584732931470134,0.855120322074929,0.23431808026345097,0.33363478444062994
lyc0lh2d,cfg1,boot06,z,z,0,5000,3.5,51,0.0102,0.8629065055642435,0.8606163195299257,0.2294631351577344,0.3257741588549085,0.8577943973242412,0.8535087914509856,0.21830854545670542,0.3353621082753652
lyc0lh2d,cfg1,boot06,z@pca32,z@pca32,0,5000,3.5,51,0.0102,0.8632789008711999,0.861281121446801,0.23733502003034834,0.32475718767755873,0.8718379354316395,0.8662288652805317,0.24084806471178422,0.3175220798126739
lyc0lh2d,cfg1,boot06,pred1,pred1,0,5000,3.5,51,0.0102,0.8232803070584255,0.8077335089854306,0.13039137642790402,0.3828662114713215,0.8717397470909872,0.8631924629372983,0.2517088180506932,0.3202988481240302
lyc0lh2d,cfg1,boot07,vn03,VN 3,0,5000,3.5,51,0.0102,0.6600554210646109,0.6444756258399222,0.02955343906448195,0.5207619832340696,0.7411086385415661,0.7137509140658116,0.02954147562127736,0.4668167281589054
lyc0lh2d,cfg1,boot07,vn03@pca32,vn03@pca32,0,5000,3.5,51,0.0102,0.6359359124501545,0.6216073368451536,0.026902896532119858,0.5324048397228551,0.6697158393752796,0.639954509162187,0.02282242159567724,0.5203494499605618
lyc0lh2d,cfg1,boot07,vn06,VN 6,0,5000,3.5,51,0.0102,0.6790907403966622,0.6615676522071807,0.04615835772972232,0.5081052293053414,0.7607327799710271,0.736029060817189,0.03781097834984347,0.45085955923125137
lyc0lh2d,cfg1,boot07,vn06@pca32,vn06@pca32,0,5000,3.5,51,0.0102,0.6563655869895331,0.639944035910585,0.03464202224785011,0.5211843820136697,0.6961011674967655,0.6678503082469638,0.02884861556380173,0.5017740931803296
lyc0lh2d,cfg1,boot07,vn09,VN 9,0,5000,3.5,51,0.0102,0.6896707468241463,0.6720375860727303,0.05131199022555838,0.5028378973263297,0.7709647973439728,0.7484849881628056,0.05856780882271989,0.4397578515987096
lyc0lh2d,cfg1,boot07,vn09@pca32,vn09@pca32,0,5000,3.5,51,0.0102,0.6741573047838293,0.6571696775383098,0.042388351252181974,0.5117293562225382,0.7146532382809636,0.686472457268955,0.0308218898741838,0.48762978312951066
lyc0lh2d,cfg1,boot07,vn12,VN 12,0,5000,3.5,51,0.0102,0.7025086731020869,0.6846207987369474,0.059443973471605405,0.49488594306986833,0.7913445083499943,0.7723498150823613,0.06611997965824379,0.4213204140789436
lyc0lh2d,cfg1,boot07,vn12@pca32,vn12@pca32,0,5000,3.5,51,0.0102,0.6870760694358538,0.6698293003229354,0.03969328695056516,0.5040273181060955,0.7285652271642187,0.6997730546734026,0.029643143713725607,0.47795451687918505
lyc0lh2d,cfg1,boot07,vn15,VN 15,0,5000,3.5,51,0.0102,0.7225972166732211,0.70418390436198,0.04801214234439714,0.4808999336730956,0.8014446831605316,0.784564578112143,0.08404053061229118,0.4105202327789437
lyc0lh2d,cfg1,boot07,vn15@pca32,vn15@pca32,0,5000,3.5,51,0.0102,0.7128980809250276,0.6952543960303692,0.04125353434534914,0.4859977948041845,0.7486464921863066,0.7204507299633345,0.028584148585565156,0.46226509573337404
lyc0lh2d,cfg1,boot07,pooled512,Pooled embedding,0,5000,3.5,51,0.0102,0.8466739165746935,0.8449800426006282,0.1819839285053833,0.34580870793771323,0.8565573363910091,0.851661516957683,0.1766802966566097,0.3362263864212781
lyc0lh2d,cfg1,boot07,pooled512@pca32,pooled512@pca32,0,5000,3.5,51,0.0102,0.8455962637137422,0.8451492406299064,0.1784458917281812,0.3465498324961996,0.860558734952853,0.8582348460028699,0.22187739144824936,0.32882365196840013
lyc0lh2d,cfg1,boot07,pooled+vn15,pooled+vn15,0,5000,3.5,51,0.0102,0.8170552266169233,0.8129657121634564,0.08643775891175531,0.37890774602008626,0.8593098131267483,0.8548338561708761,0.2140095684236038,0.332962044300915
lyc0lh2d,cfg1,boot07,pooled+vn15@pca32,pooled+vn15@pca32,0,5000,3.5,51,0.0102,0.8141941971413672,0.811457941269226,0.06294700229988508,0.3815429948253608,0.8281400899140781,0.8195370655283385,0.09234202794887289,0.374549221934262
lyc0lh2d,cfg1,boot07,pooled@scaled,pooled@scaled,0,5000,3.5,51,0.0102,0.8390127914601453,0.8361597791390807,0.15193679097972812,0.3539192857229324,0.8619397688849266,0.8577021731870402,0.20203292682612178,0.328075312830222
lyc0lh2d,cfg1,boot07,pooled@scaled@pca32,pooled@scaled@pca32,0,5000,3.5,51,0.0102,0.8390708530341195,0.8380294848602907,0.13184074114246686,0.35357661962559755,0.853949744721068,0.8512661297470943,0.20466493063631916,0.3397928371548828
lyc0lh2d,cfg1,boot07,pooled+randproj,pooled+randproj,0,5000,3.5,51,0.0102,0.8449690523515241,0.8421085677507315,0.17226022011095365,0.3484938939693104,0.8606716722049013,0.8564056775888533,0.19801961989265165,0.32990532797974625
lyc0lh2d,cfg1,boot07,pooled+randproj@pca32,pooled+randproj@pca32,0,5000,3.5,51,0.0102,0.8417812546944508,0.8411110635159684,0.14677487193805458,0.3496598848922492,0.8572395789202152,0.8549314437665664,0.21272949406669425,0.33414520035219647
lyc0lh2d,cfg1,boot07,z,z,0,5000,3.5,51,0.0102,0.8652505333937419,0.8622330328566121,0.2495566267479577,0.32469129892653426,0.8615686377024069,0.8573087841899223,0.21009501041602202,0.3293087523928004
lyc0lh2d,cfg1,boot07,z@pca32,z@pca32,0,5000,3.5,51,0.0102,0.8639771794125964,0.8621332289901564,0.24711772006737026,0.3249754611851504,0.8699914051575418,0.8661556007055805,0.24491265095821002,0.31805604647173885
lyc0lh2d,cfg1,boot07,pred1,pred1,0,5000,3.5,51,0.0102,0.8269499280580064,0.814306576440686,0.08549544516760478,0.3769421044336907,0.8703026303347177,0.8635143152146174,0.24503892046063566,0.31972520798504933
lyc0lh2d,cfg1,boot08,vn03,VN 3,0,5000,3.5,51,0.0102,0.6590859319040603,0.6435078086450963,0.03163331331599814,0.524741831201013,0.7413487332596767,0.7161325903008708,0.033401452153183325,0.46716457634700037
lyc0lh2d,cfg1,boot08,vn03@pca32,vn03@pca32,0,5000,3.5,51,0.0102,0.638114725172633,0.624924202753967,0.03108214771476002,0.5336511825425567,0.649311879783637,0.6200544949643046,0.02340453856019548,0.5346492766223632
lyc0lh2d,cfg1,boot08,vn06,VN 6,0,5000,3.5,51,0.0102,0.6868375162229956,0.6704246085326251,0.05586355322969057,0.5060343790768385,0.7565361400686728,0.7326256419150119,0.04725086113658091,0.4519817433765178
lyc0lh2d,cfg1,boot08,vn06@pca32,vn06@pca32,0,5000,3.5,51,0.0102,0.6648295580338075,0.6510885926838598,0.06303213449958688,0.5181317863480244,0.6776468517014834,0.6507360325196172,0.028017546904151737,0.5142229428854623
lyc0lh2d,cfg1,boot08,vn09,VN 9,0,5000,3.5,51,0.0102,0.6953695955540122,0.6785004442759206,0.05674672660195223,0.5017075743970806,0.7704347491813546,0.7488821512315473,0.04328296255808707,0.43893115951626527
lyc0lh2d,cfg1,boot08,vn09@pca32,vn09@pca32,0,5000,3.5,51,0.0102,0.672444602373212,0.6577802230632943,0.060154506990613574,0.5134243902536448,0.6864507998160679,0.659027151132308,0.029449717976487558,0.5092653349413054
lyc0lh2d,cfg1,boot08,vn12,VN 12,0,5000,3.5,51,0.0102,0.704192672732894,0.6863130971582591,0.05628625177750192,0.49718144733499603,0.7855655303839906,0.765723135798555,0.052089678500747603,0.42624220784567196
lyc0lh2d,cfg1,boot08,vn12@pca32,vn12@pca32,0,5000,3.5,51,0.0102,0.6830896991405309,0.6682078107529564,0.06379212612010635,0.5079235282998797,0.6997171827755568,0.6715911472892442,0.029536108127131432,0.500402428517015
lyc0lh2d,cfg1,boot08,vn15,VN 15,0,5000,3.5,51,0.0102,0.7128516038721424,0.6945792462784849,0.06036564748646937,0.4919515886626395,0.793735096938477,0.7752807925833113,0.06311257122372776,0.4171263748660863
lyc0lh2d,cfg1,boot08,vn15@pca32,vn15@pca32,0,5000,3.5,51,0.0102,0.6907881100368576,0.6748370201125851,0.05320196967214952,0.5022341645800761,0.7239231190409281,0.6945924207818152,0.028209880615371604,0.48290991655676985
lyc0lh2d,cfg1,boot08,pooled512,Pooled embedding,0,5000,3.5,51,0.0102,0.8535579640286077,0.850700986705925,0.20375561079476345,0.3393768286290985,0.8562222792000025,0.850954928542033,0.20377941109477068,0.33744999702882816
lyc0lh2d,cfg1,boot08,pooled512@pca32,pooled512@pca32,0,5000,3.5,51,0.0102,0.8521141470276228,0.8506468565992148,0.19023111065599868,0.3401016522302007,0.8641053415139388,0.8603804788707063,0.22702751344659,0.3266746356708936
lyc0lh2d,cfg1,boot08,pooled+vn15,pooled+vn15,0,5000,3.5,51,0.0102,0.8366916118657854,0.8344390740892904,0.12386195021810709,0.35765197409520455,0.8612395979131964,0.8555153624323683,0.21066283784968715,0.33172255609527657
lyc0lh2d,cfg1,boot08,pooled+vn15@pca32,pooled+vn15@pca32,0,5000,3.5,51,0.0102,0.837641085633362,0.8354385663009722,0.11929064264800368,0.3564133090289637,0.854738679451049,0.8502646718729236,0.21530225703664407,0.3400633311593222
lyc0lh2d,cfg1,boot08,pooled@scaled,pooled@scaled,0,5000,3.5,51,0.0102,0.8487302296907566,0.8462437934264506,0.18478937093668035,0.3437407903977089,0.8628290467953652,0.857941253021266,0.2170646945782514,0.3280317332772384
lyc0lh2d,cfg1,boot08,pooled@scaled@pca32,pooled@scaled@pca32,0,5000,3.5,51,0.0102,0.8491886019436696,0.8485458207903767,0.20690860287543406,0.3427263619268471,0.8598855511001748,0.8557267361373968,0.20873206624667429,0.33329396063603195
lyc0lh2d,cfg1,boot08,pooled+randproj,pooled+randproj,0,5000,3.5,51,0.0102,0.852150733880931,0.8488173387492453,0.19077004601931008,0.34076211955070324,0.8613285677770268,0.8565475119201758,0.21468560108818696,0.3296487322199862
lyc0lh2d,cfg1,boot08,pooled+randproj@pca32,pooled+randproj@pca32,0,5000,3.5,51,0.0102,0.8514370669261577,0.8499450239725981,0.19375440742574151,0.3402195381118793,0.8609056890094291,0.8573501287693752,0.2185468807276193,0.3317656376616541
lyc0lh2d,cfg1,boot08,z,z,0,5000,3.5,51,0.0102,0.8670704831052749,0.8624831470693197,0.1918989806916058,0.3222050785327615,0.865414399650489,0.8605463756022539,0.21061189104510694,0.3242928113200244
lyc0lh2d,cfg1,boot08,z@pca32,z@pca32,0,5000,3.5,51,0.0102,0.8667504961918592,0.8622163411538222,0.18607541509591707,0.3235570525871987,0.8731840683594003,0.8676367775478151,0.2355990173038457,0.3158542093341786
lyc0lh2d,cfg1,boot08,pred1,pred1,0,5000,3.5,51,0.0102,0.8225730745823828,0.8042526191451584,0.06948345961643905,0.38359811132735944,0.8738443068679941,0.8645009137093709,0.24610600216737272,0.3185375648785256
lyc0lh2d,cfg1,boot09,vn03,VN 3,0,5000,3.5,51,0.0102,0.6676949713799933,0.6515340874085073,0.03353773672557156,0.5176053008959571,0.7418848768485713,0.7139975694548972,0.027770834828132012,0.465921918910555
lyc0lh2d,cfg1,boot09,vn03@pca32,vn03@pca32,0,5000,3.5,51,0.0102,0.6477127679298824,0.633754998040652,0.026652732036958858,0.528478586642982,0.6597219083217498,0.6309915466532257,0.022954030876779358,0.5273250491425259
lyc0lh2d,cfg1,boot09,vn06,VN 6,0,5000,3.5,51,0.0102,0.6937969715537942,0.6766244867544975,0.06719115191777222,0.501709699652464,0.763488945120959,0.7394742116251276,0.038347629476784495,0.4478509616886075
lyc0lh2d,cfg1,boot09,vn06@pca32,vn06@pca32,0,5000,3.5,51,0.0102,0.6741699574058421,0.6596168102429694,0.05778781042206325,0.5136341926413457,0.690127135976369,0.6623987400014406,0.03016412778022041,0.5070469305609404
lyc0lh2d,cfg1,boot09,vn09,VN 9,0,5000,3.5,51,0.0102,0.7041608787778881,0.686813388758197,0.05201536218422709,0.49499170743155846,0.781045605085337,0.7606314860217238,0.05533886757264142,0.4303648871459212
lyc0lh2d,cfg1,boot09,vn09@pca32,vn09@pca32,0,5000,3.5,51,0.0102,0.684730998404779,0.669631311757239,0.05023423313498786,0.506230034963829,0.7083358177872002,0.6808773381497493,0.03432898278260056,0.49387058123607075
lyc0lh2d,cfg1,boot09,vn12,VN 12,0,5000,3.5,51,0.0102,0.7176157555222469,0.7003276058802301,0.054668438994421295,0.48704532071408857,0.7977690221029548,0.7808567396530308,0.07199808126239145,0.41578272047335213
lyc0lh2d,cfg1,boot09,vn12@pca32,vn12@pca32,0,5000,3.5,51,0.0102,0.6942272338663203,0.6795211392670892,0.050794120503298804,0.49898515761415707,0.7202457350433817,0.6942907316753819,0.04157594601540651,0.4841085688357728
lyc0lh2d,cfg1,boot09,vn15,VN 15,0,5000,3.5,51,0.0102,0.7266947070710171,0.7101433457757931,0.05324744054452121,0.4787846802837788,0.8056282210912323,0.7899093620693638,0.08811049627941492,0.4074143976562309
lyc0lh2d,cfg1,boot09,vn15@pca32,vn15@pca32,0,5000,3.5,51,0.0102,0.7081611901856346,0.6931624816065634,0.04897506795728797,0.48885138060588007,0.7361359804415797,0.7097427003843962,0.04140315311990314,0.47104701241486324
lyc0lh2d,cfg1,boot09,pooled512,Pooled embedding,0,5000,3.5,51,0.0102,0.8478885749167684,0.8470550432826045,0.17917157915375215,0.3437220027716186,0.8560464438266878,0.85085724628376,0.20868685526306596,0.339198843397682
lyc0lh2d,cfg1,boot09,pooled512@pca32,pooled512@pca32,0,5000,3.5,51,0.0102,0.8455616132736448,0.8472442473313583,0.1748247678733117,0.34422623409374276,0.8632352839126833,0.8601373893061296,0.2040516346593191,0.32684004751072127
lyc0lh2d,cfg1,boot09,pooled+vn15,pooled+vn15,0,5000,3.5,51,0.0102,0.8272169255896277,0.8257356451475599,0.10556188377127769,0.3679862490571995,0.8609616313673001,0.8563832296235767,0.21513438423497436,0.33290202897290655
lyc0lh2d,cfg1,boot09,pooled+vn15@pca32,pooled+vn15@pca32,0,5000,3.5,51,0.0102,0.8261902806269559,0.8245979124678199,0.10326490782303993,0.3687891374936091,0.8421200271782269,0.837516877536793,0.17183042697382386,0.3564704335657583
lyc0lh2d,cfg1,boot09,pooled@scaled,pooled@scaled,0,5000,3.5,51,0.0102,0.8420948607507617,0.8417044103380646,0.17108801384671923,0.3495353592617618,0.8623734102844133,0.857640321703429,0.21738435132229664,0.329654579912893
lyc0lh2d,cfg1,boot09,pooled@scaled@pca32,pooled@scaled@pca32,0,5000,3.5,51,0.0102,0.840828459090432,0.8418582670878025,0.15640230964432772,0.3498378355014121,0.8550926419276523,0.8515703641274683,0.18730320957496427,0.3387453450600044
lyc0lh2d,cfg1,boot09,pooled+randproj,pooled+randproj,0,5000,3.5,51,0.0102,0.8465143002091928,0.8455139955289864,0.17566776221558822,0.3448425745364949,0.8609918230345863,0.8562724360710028,0.21472045936143136,0.33173754501370567
lyc0lh2d,cfg1,boot09,pooled+randproj@pca32,pooled+randproj@pca32,0,5000,3.5,51,0.0102,0.8430134317666437,0.8445981131163636,0.15722350577780464,0.3459508438571057,0.8582572027600565,0.8554788206834935,0.18704347165974966,0.33275571747116617
lyc0lh2d,cfg1,boot09,z,z,0,5000,3.5,51,0.0102,0.8654552024467901,0.8613955448953992,0.16389435112146009,0.324575126958777,0.8617827522943547,0.8565334033396489,0.2173554734374532,0.3312660313720219
lyc0lh2d,cfg1,boot09,z@pca32,z@pca32,0,5000,3.5,51,0.0102,0.8645562176128805,0.8612566919747652,0.15114703674491275,0.3250780743773417,0.8731989781717258,0.8674264888755236,0.21360203417764062,0.3156389217002066
lyc0lh2d,cfg1,boot09,pred1,pred1,0,5000,3.5,51,0.0102,0.8298032079205842,0.8137107958794509,0.08275841244067877,0.37580841550006605,0.873127461301833,0.8639313240028934,0.21512832795784065,0.31851052793261597
lyc0lh2d,cfg2,boot00,vn03,VN 3,0,5000,3.5,51,0.0102,0.6668623940670941,0.6503847324283876,0.030422875309973185,0.5192838461724028,0.7414295880944974,0.712840621521802,0.028081816187455852,0.46916812192749624
lyc0lh2d,cfg2,boot00,vn03@pca32,vn03@pca32,0,5000,3.5,51,0.0102,0.645827803692002,0.6312729022837015,0.02680226256257439,0.5282349893843993,0.6645304003716473,0.6365238061350134,0.02836562312868348,0.5221388499206767
lyc0lh2d,cfg2,boot00,vn06,VN 6,0,5000,3.5,51,0.0102,0.6986264820256264,0.6804356130094948,0.06235230551540742,0.49910712408270164,0.7577514608898311,0.7342010849980551,0.03713856905560572,0.45146989826549333
lyc0lh2d,cfg2,boot00,vn06@pca32,vn06@pca32,0,5000,3.5,51,0.0102,0.6752049973648291,0.6602307610703564,0.05627572632728224,0.5097704265792912,0.6940250219078044,0.6663213805799156,0.03289140704402091,0.5037390874230647
lyc0lh2d,cfg2,boot00,vn09,VN 9,0,5000,3.5,51,0.0102,0.7112880249786517,0.6928528345363523,0.06254514354177058,0.4907363656295019,0.7681005617022713,0.7455426097845851,0.04083545626448516,0.43945709304282665
lyc0lh2d,cfg2,boot00,vn09@pca32,vn09@pca32,0,5000,3.5,51,0.0102,0.6931765639602505,0.6776431899305722,0.05209097089540922,0.4993255532971979,0.7153784152173916,0.6874786261971627,0.03506077372288968,0.4884071273050785
lyc0lh2d,cfg2,boot00,vn12,VN 12,0,5000,3.5,51,0.0102,0.7231541069937272,0.7043413525352785,0.06330031187511156,0.48252741414035794,0.78568810254165,0.7656007817415799,0.05003987962654356,0.42486981572193044
lyc0lh2d,cfg2,boot00,vn12@pca32,vn12@pca32,0,5000,3.5,51,0.0102,0.7058332944337419,0.6898137385810077,0.05215900732352745,0.4905160886772616,0.7295938625897271,0.7020010164212931,0.03123999484491055,0.4772217540213851
lyc0lh2d,cfg2,boot00,vn15,VN 15,0,5000,3.5,51,0.0102,0.7319892668483134,0.7136606976486628,0.06972172994039477,0.4763587183461099,0.7944941466724725,0.7753611137643532,0.05421370355507571,0.41584324869798606
lyc0lh2d,cfg2,boot00,vn15@pca32,vn15@pca32,0,5000,3.5,51,0.0102,0.7112249788605913,0.6957177443808915,0.05829845838625175,0.4864017696654224,0.7344192819033717,0.7067950715551703,0.030228430851539874,0.4729412600241792
lyc0lh2d,cfg2,boot00,pooled512,Pooled embedding,0,5000,3.5,51,0.0102,0.8448467928025893,0.8438193912433225,0.1609172941861241,0.3477412866032694,0.8571512304480353,0.8515533474952985,0.22236678332984827,0.33684044622324794
lyc0lh2d,cfg2,boot00,pooled512@pca32,pooled512@pca32,0,5000,3.5,51,0.0102,0.8423206968703174,0.8436199644961928,0.17699061081696688,0.3478706683981109,0.8587861911803407,0.8553558516968061,0.21497988243120691,0.3336850009630137
lyc0lh2d,cfg2,boot00,pooled+vn15,pooled+vn15,0,5000,3.5,51,0.0102,0.8216321699203537,0.8177747858201583,0.07132254277905299,0.37199235374977124,0.8600347927770189,0.8547343410210461,0.22634793841976794,0.33454287395528015
lyc0lh2d,cfg2,boot00,pooled+vn15@pca32,pooled+vn15@pca32,0,5000,3.5,51,0.0102,0.8209242373487862,0.8186183044369493,0.07372220359128548,0.3737780297159631,0.8305383301415805,0.8236411351500679,0.07936661732453859,0.3704060964860732
lyc0lh2d,cfg2,boot00,pooled@scaled,pooled@scaled,0,5000,3.5,51,0.0102,0.8396214672810715,0.8379231254833555,0.12671920386890428,0.35286397898481514,0.8630741584769923,0.8575985079987019,0.22376439313173724,0.3291111430746553
lyc0lh2d,cfg2,boot00,pooled@scaled@pca32,pooled@scaled@pca32,0,5000,3.5,51,0.0102,0.8376833448908692,0.8382033540963786,0.14342780243876363,0.352933784721022,0.8519752936977922,0.8470673350970108,0.15650231612353088,0.3435190688207105
lyc0lh2d,cfg2,boot00,pooled+randproj,pooled+randproj,0,5000,3.5,51,0.0102,0.843614091809421,0.8421786114689027,0.15100022239700173,0.3491802750398555,0.8618511435710287,0.8564871204632215,0.22150589255921693,0.3302983830109576
lyc0lh2d,cfg2,boot00,pooled+randproj@pca32,pooled+randproj@pca32,0,5000,3.5,51,0.0102,0.8405423117315323,0.8416504961356357,0.17622616449856332,0.3505186618773207,0.8534207341522099,0.8499728994439568,0.17985390531612008,0.34125892882195796
lyc0lh2d,cfg2,boot00,z,z,0,5000,3.5,51,0.0102,0.863381913209661,0.8601589313319423,0.2187124229678803,0.32711963827456164,0.8596450715538371,0.8545359423734251,0.22602276769218257,0.3336595616529665
lyc0lh2d,cfg2,boot00,z@pca32,z@pca32,0,5000,3.5,51,0.0102,0.8623974533942973,0.8602800078994985,0.23233736032011965,0.3268342246286118,0.8725695232169992,0.8674664273016712,0.2424449036357487,0.31622839760547283
lyc0lh2d,cfg2,boot00,pred1,pred1,0,5000,3.5,51,0.0102,0.8270036824734135,0.8119914204694549,0.10771614081063245,0.3799512997865373,0.8717863391050746,0.8630883187215572,0.24781481450220988,0.3196727007896233
lyc0lh2d,cfg2,boot01,vn03,VN 3,0,5000,3.5,51,0.0102,0.6722848919535873,0.6565019848044279,0.03181636250766513,0.5156456146594574,0.7435871776812026,0.7195385696790848,0.029539983894312612,0.4622232545268038
lyc0lh2d,cfg2,boot01,vn03@pca32,vn03@pca32,0,5000,3.5,51,0.0102,0.6523632104729685,0.6385781156547181,0.02832206832628383,0.5240517784310608,0.6614356338249299,0.633933950313889,0.022121783197261068,0.523630738978814
lyc0lh2d,cfg2,boot01,vn06,VN 6,0,5000,3.5,51,0.0102,0.7087571116690519,0.6907438004108621,0.04563715722392997,0.4924507693284018,0.7565462706479447,0.7336820289475104,0.03164762165765693,0.4512271187250836
lyc0lh2d,cfg2,boot01,vn06@pca32,vn06@pca32,0,5000,3.5,51,0.0102,0.6931874818049715,0.6758786290468599,0.03635919388010929,0.5000135110209153,0.7017918955696514,0.6742159939151313,0.029135074054276268,0.49813769381255757
lyc0lh2d,cfg2,boot01,vn09,VN 9,0,5000,3.5,51,0.0102,0.7130852864114947,0.6951213024076113,0.051808383312108595,0.49028731787472,0.7683726355318873,0.746630000475024,0.0356477655043705,0.4400262144700309
lyc0lh2d,cfg2,boot01,vn09@pca32,vn09@pca32,0,5000,3.5,51,0.0102,0.6998968870972375,0.6844457861097797,0.04558098037778807,0.4972899360381084,0.7148719852869414,0.686824683389085,0.03342723962252482,0.48931462740022746
lyc0lh2d,cfg2,boot01,vn12,VN 12,0,5000,3.5,51,0.0102,0.7206835217993572,0.7023533707198667,0.05141603788191011,0.4858066203446321,0.7848998078096826,0.7646894587696667,0.04452513129195854,0.42795516784395954
lyc0lh2d,cfg2,boot01,vn12@pca32,vn12@pca32,0,5000,3.5,51,0.0102,0.7069424360776805,0.6906319075154184,0.05186514608555323,0.49322266118862246,0.7208580966148137,0.6939162218286956,0.033617063694503485,0.4841284527872993
lyc0lh2d,cfg2,boot01,vn15,VN 15,0,5000,3.5,51,0.0102,0.7271621178995977,0.7079353202284165,0.04326303143206487,0.48134121091831517,0.7955590286234007,0.7767290622836628,0.047324367701547264,0.41672841094107316
lyc0lh2d,cfg2,boot01,vn15@pca32,vn15@pca32,0,5000,3.5,51,0.0102,0.7118796613309957,0.69468948405993,0.042201540002276494,0.48992780587605256,0.7296940644347762,0.702406325901345,0.029211796389780657,0.4769882011091636
lyc0lh2d,cfg2,boot01,pooled512,Pooled embedding,0,5000,3.5,51,0.0102,0.8477095399305992,0.8450119056683633,0.18250177591683686,0.34629814161720585,0.8537096531068661,0.8498354899881477,0.221600222990297,0.3406761323064904
lyc0lh2d,cfg2,boot01,pooled512@pca32,pooled512@pca32,0,5000,3.5,51,0.0102,0.8475361631111133,0.8468781440659822,0.20671912521618113,0.3451940307825381,0.8618070101747197,0.8581351744181092,0.2193934557010268,0.330964216332728
lyc0lh2d,cfg2,boot01,pooled+vn15,pooled+vn15,0,5000,3.5,51,0.0102,0.8268688741709295,0.82449047895368,0.09017300243074458,0.36609025699687625,0.857771050094474,0.8533103999564264,0.22032140491996494,0.336853369939092
lyc0lh2d,cfg2,boot01,pooled+vn15@pca32,pooled+vn15@pca32,0,5000,3.5,51,0.0102,0.8276741434793888,0.8271906370043722,0.10667539021413797,0.36620539187702295,0.8374622647039226,0.8332417957696089,0.12460947745811593,0.3594207295984517
lyc0lh2d,cfg2,boot01,pooled@scaled,pooled@scaled,0,5000,3.5,51,0.0102,0.8433262561643622,0.8400858965844362,0.15778651087218146,0.3503289336898373,0.8603427292628254,0.8566248202983298,0.22756682656864344,0.3317397676634056
lyc0lh2d,cfg2,boot01,pooled@scaled@pca32,pooled@scaled@pca32,0,5000,3.5,51,0.0102,0.8438887079371176,0.8425572470479867,0.17297171548814544,0.3498461408802861,0.8534120114914157,0.8503836127478437,0.20973515059832215,0.34132428522650604
lyc0lh2d,cfg2,boot01,pooled+randproj,pooled+randproj,0,5000,3.5,51,0.0102,0.8456385232806163,0.8430687831065986,0.17345190980021605,0.34885236002389836,0.8586941604315803,0.8551325911441066,0.22844689455798006,0.3336989903100983
lyc0lh2d,cfg2,boot01,pooled+randproj@pca32,pooled+randproj@pca32,0,5000,3.5,51,0.0102,0.8446881877466019,0.844434180593918,0.17856004217476046,0.3482749243590195,0.8571458337569791,0.8536472926217593,0.22104094201490226,0.3377781815782165
lyc0lh2d,cfg2,boot01,z,z,0,5000,3.5,51,0.0102,0.8629853284866635,0.8601831332832908,0.2489524314951927,0.3265907615368464,0.8579074887218263,0.853913915386191,0.23225472661544605,0.3341736310986837
lyc0lh2d,cfg2,boot01,z@pca32,z@pca32,0,5000,3.5,51,0.0102,0.8619942984276929,0.8597252979512446,0.24758609732369624,0.32779052973652045,0.8721395502894339,0.8679620326652429,0.25834376979088824,0.3165871973027684
lyc0lh2d,cfg2,boot01,pred1,pred1,0,5000,3.5,51,0.0102,0.8186257236769438,0.8048766198985651,0.10097088805707884,0.38465609417841196,0.8711258010128684,0.8631781606629636,0.2646033296223296,0.3205108442195169
lyc0lh2d,cfg2,boot02,vn03,VN 3,0,5000,3.5,51,0.0102,0.6722058684236825,0.6560888125275414,0.03470397906091579,0.5130938124435439,0.7400793162910783,0.7137534978104838,0.02805731040636141,0.4674740967006451
lyc0lh2d,cfg2,boot02,vn03@pca32,vn03@pca32,0,5000,3.5,51,0.0102,0.6517487834780379,0.6368543602337732,0.0322452636262965,0.5236592774074025,0.6488835753128336,0.6209811639674279,0.02525873911709045,0.5334764416108653
lyc0lh2d,cfg2,boot02,vn06,VN 6,0,5000,3.5,51,0.0102,0.6988698259144291,0.6816383114682865,0.049941040915779195,0.49628069345899467,0.7502199010685809,0.7276955118540218,0.0338484558961297,0.45672595344859973
lyc0lh2d,cfg2,boot02,vn06@pca32,vn06@pca32,0,5000,3.5,51,0.0102,0.6775665309453829,0.6616464929265309,0.039846627802305606,0.5081245027291421,0.6825564032731322,0.6552083710440022,0.031177673519720908,0.5112314376097953
lyc0lh2d,cfg2,boot02,vn09,VN 9,0,5000,3.5,51,0.0102,0.7025921586050975,0.6847581342648467,0.049511201731262326,0.49577126157268,0.7671216378205219,0.7463597154337127,0.04335328532866943,0.4425885235628969
lyc0lh2d,cfg2,boot02,vn09@pca32,vn09@pca32,0,5000,3.5,51,0.0102,0.6821627340934734,0.666781168503205,0.044968504239632695,0.5059089993569952,0.6915705064550703,0.663559992189148,0.03947162014316266,0.5052078295491986
lyc0lh2d,cfg2,boot02,vn12,VN 12,0,5000,3.5,51,0.0102,0.7144542509293101,0.6957871817210535,0.05556806167810703,0.4889370551474551,0.7770817958905094,0.757129738340379,0.04779020273529903,0.4343951369684309
lyc0lh2d,cfg2,boot02,vn12@pca32,vn12@pca32,0,5000,3.5,51,0.0102,0.6954511978039186,0.6794752808992717,0.04466584240410921,0.4989822529337328,0.7038286005892301,0.6758514231415393,0.0381619601615205,0.49558660220508943
lyc0lh2d,cfg2,boot02,vn15,VN 15,0,5000,3.5,51,0.0102,0.721571398465735,0.7034907282623981,0.04814002157952589,0.48461502107044896,0.785153373287739,0.7666294819538786,0.05301111765306714,0.42711270104220567
lyc0lh2d,cfg2,boot02,vn15@pca32,vn15@pca32,0,5000,3.5,51,0.0102,0.6995056441551624,0.6842152986017273,0.043517589003437676,0.49592098900304854,0.7113620658950152,0.6831961484501589,0.0368793600289333,0.48977406412086916
lyc0lh2d,cfg2,boot02,pooled512,Pooled embedding,0,5000,3.5,51,0.0102,0.8428555435243003,0.8417231966335413,0.13164006852381055,0.34978214644364913,0.8529192408037558,0.849718360167967,0.24532312162346312,0.34117341420318775
lyc0lh2d,cfg2,boot02,pooled512@pca32,pooled512@pca32,0,5000,3.5,51,0.0102,0.8420351479950512,0.8430423476403361,0.14077227416815477,0.34917135460599,0.8582239135779243,0.8559720907824804,0.21066454675579482,0.33324807979998694
lyc0lh2d,cfg2,boot02,pooled+vn15,pooled+vn15,0,5000,3.5,51,0.0102,0.8203398602730798,0.8167021002888134,0.06472788678503608,0.3715986138394423,0.8560894496234877,0.8525062581661326,0.23293582716676386,0.33800300113509757
lyc0lh2d,cfg2,boot02,pooled+vn15@pca32,pooled+vn15@pca32,0,5000,3.5,51,0.0102,0.819058079392668,0.8170446474483319,0.06370871342509193,0.3734725929694531,0.8226411929642383,0.8178609852720677,0.09855093578571714,0.37610851454190225
lyc0lh2d,cfg2,boot02,pooled@scaled,pooled@scaled,0,5000,3.5,51,0.0102,0.8391174679075185,0.8349527940220957,0.09602029472144058,0.35585416638227385,0.8587086850624568,0.8557526044709989,0.2422189634087376,0.33260530863631577
lyc0lh2d,cfg2,boot02,pooled@scaled@pca32,pooled@scaled@pca32,0,5000,3.5,51,0.0102,0.838901652144145,0.8378904214466951,0.11945015916891397,0.35345981265183757,0.8489631070849983,0.8467963364596796,0.21198320948750599,0.34498769005599317
lyc0lh2d,cfg2,boot02,pooled+randproj,pooled+randproj,0,5000,3.5,51,0.0102,0.8415315792030431,0.839761615109164,0.1121995313255876,0.35192285096905085,0.8572193151897728,0.8543600047571747,0.2428986432088504,0.3347192458101763
lyc0lh2d,cfg2,boot02,pooled+randproj@pca32,pooled+randproj@pca32,0,5000,3.5,51,0.0102,0.8412513236951396,0.8417480514912181,0.1262856916616192,0.3501828223978357,0.8510493610984248,0.8496467385117713,0.2204548831241853,0.3419092849809036
lyc0lh2d,cfg2,boot02,z,z,0,5000,3.5,51,0.0102,0.8618873069484989,0.8592691649814521,0.20795219729362852,0.32806024262056555,0.8527692195913377,0.849168815212124,0.2262395323234339,0.3417975510112126
lyc0lh2d,cfg2,boot02,z@pca32,z@pca32,0,5000,3.5,51,0.0102,0.8616695003653594,0.8599058993073234,0.21788318534775647,0.32778794065993666,0.8710192642819814,0.8667867141382961,0.2406476330105548,0.3180311681178645
lyc0lh2d,cfg2,boot02,pred1,pred1,0,5000,3.5,51,0.0102,0.82402742947099,0.8104589243088192,0.09475641709646704,0.38271250904390886,0.8710090336094869,0.8623914132520158,0.2440201082890565,0.3223804622035969
lyc0lh2d,cfg2,boot03,vn03,VN 3,0,5000,3.5,51,0.0102,0.6809928318929668,0.663823299996434,0.0346572441516111,0.5091744032050204,0.7421058338887726,0.7160479809699343,0.028928085907186804,0.4657487190465795
lyc0lh2d,cfg2,boot03,vn03@pca32,vn03@pca32,0,5000,3.5,51,0.0102,0.6613438730517591,0.646240680195494,0.03308953740742587,0.5187550815598234,0.6753803267197878,0.6466980491780332,0.022890082260965186,0.5159149674932768
lyc0lh2d,cfg2,boot03,vn06,VN 6,0,5000,3.5,51,0.0102,0.7156492739815923,0.6980901741618207,0.0732479405852848,0.48454842510542173,0.755915184000202,0.7335029885054041,0.03423867681628742,0.4526270859849105
lyc0lh2d,cfg2,boot03,vn06@pca32,vn06@pca32,0,5000,3.5,51,0.0102,0.6955885878352606,0.6793923847680194,0.06258728401447139,0.49598315257642356,0.7016284649027572,0.6744821718018805,0.03509222109744645,0.4979556298234206
lyc0lh2d,cfg2,boot03,vn09,VN 9,0,5000,3.5,51,0.0102,0.7226747601599695,0.7051801213972088,0.06470148961315922,0.4790540053635235,0.7677115566118433,0.7457373952247534,0.04121914095612851,0.4423294568457621
lyc0lh2d,cfg2,boot03,vn09@pca32,vn09@pca32,0,5000,3.5,51,0.0102,0.7057704921910273,0.6897562890300906,0.0444127673329606,0.48880580165887916,0.7113196719514558,0.6828956506785968,0.03471187978851802,0.4908806920986938
lyc0lh2d,cfg2,boot03,vn12,VN 12,0,5000,3.5,51,0.0102,0.7352327092785217,0.7184046430535871,0.0736340665664881,0.4708072923839365,0.7850897672311802,0.7650038953951155,0.05211312656265223,0.4281322940644337
lyc0lh2d,cfg2,boot03,vn12@pca32,vn12@pca32,0,5000,3.5,51,0.0102,0.71787227729734,0.7026344113428264,0.05301151833118115,0.47920918213552094,0.7217217993792371,0.6946693213350719,0.04234029041586839,0.4825110237905022
lyc0lh2d,cfg2,boot03,vn15,VN 15,0,5000,3.5,51,0.0102,0.7442775887909132,0.7279808510853628,0.08363106368492525,0.46244676521675565,0.793629754736867,0.774023552337093,0.050144491508677946,0.41913186106244726
lyc0lh2d,cfg2,boot03,vn15@pca32,vn15@pca32,0,5000,3.5,51,0.0102,0.7269718794139111,0.7124876871030976,0.05815607835711609,0.4709805037490902,0.7308812147824604,0.7040212745865688,0.03975600812885731,0.4757621370238131
lyc0lh2d,cfg2,boot03,pooled512,Pooled embedding,0,5000,3.5,51,0.0102,0.845355455863621,0.8424292608783921,0.1651307453729002,0.34872043429973104,0.8568300494148534,0.8520575879445853,0.18988563292947852,0.3388006707479423
lyc0lh2d,cfg2,boot03,pooled512@pca32,pooled512@pca32,0,5000,3.5,51,0.0102,0.8436779655161246,0.8431482972462379,0.16244499192161788,0.34866091386763265,0.8581676021740775,0.8551927232963803,0.17507874476455984,0.33440617395590105
lyc0lh2d,cfg2,boot03,pooled+vn15,pooled+vn15,0,5000,3.5,51,0.0102,0.8214536050096745,0.8186768830278233,0.09586992711538457,0.3721816587654091,0.8596550610243627,0.8552159944247419,0.19854108615693616,0.33438348615287583
lyc0lh2d,cfg2,boot03,pooled+vn15@pca32,pooled+vn15@pca32,0,5000,3.5,51,0.0102,0.8173287858356211,0.8169843410233333,0.06879376237423852,0.3748557122522994,0.8333003269115331,0.8284020801821659,0.09610317788077202,0.36523319722609987
lyc0lh2d,cfg2,boot03,pooled@scaled,pooled@scaled,0,5000,3.5,51,0.0102,0.8382940328515938,0.8346915257719547,0.13912364161028212,0.35649671634377345,0.8625563129177942,0.8581918581600791,0.20512916134574333,0.3299340764524299
lyc0lh2d,cfg2,boot03,pooled@scaled@pca32,pooled@scaled@pca32,0,5000,3.5,51,0.0102,0.8381998057429301,0.8373531741046933,0.1135924376733096,0.3542374415924361,0.8474047592516771,0.8440106886595988,0.1439108962147762,0.34862777348473706
lyc0lh2d,cfg2,boot03,pooled+randproj,pooled+randproj,0,5000,3.5,51,0.0102,0.8426320169281891,0.8384497693749817,0.14244529693227118,0.3533846390735501,0.8610681042154255,0.856636064039709,0.20100111820793726,0.3321794420827247
lyc0lh2d,cfg2,boot03,pooled+randproj@pca32,pooled+randproj@pca32,0,5000,3.5,51,0.0102,0.8397717252601973,0.8392247559094459,0.1272813619322164,0.3519888168840083,0.8540182699869251,0.8505878151279754,0.16435133735122712,0.34051264260898656
lyc0lh2d,cfg2,boot03,z,z,0,5000,3.5,51,0.0102,0.8629424715858496,0.8599727942486,0.20136108385393892,0.3276302420012663,0.8556601859967894,0.8505940898962919,0.20705026723614128,0.33973300463123035
lyc0lh2d,cfg2,boot03,z@pca32,z@pca32,0,5000,3.5,51,0.0102,0.863311945354558,0.8609021791926529,0.2206119998619499,0.32746966937302363,0.8706806417246495,0.8667165862819386,0.22287532120715853,0.31861362786215974
lyc0lh2d,cfg2,boot03,pred1,pred1,0,5000,3.5,51,0.0102,0.8238754461751412,0.8098053826327354,0.08880818668951368,0.38261117962434543,0.8714702614104135,0.8633936718265945,0.233670927882477,0.3212504227107826
lyc0lh2d,cfg2,boot04,vn03,VN 3,0,5000,3.5,51,0.0102,0.6745225173078285,0.6579763459029688,0.030984551816546236,0.513726341766666,0.7451590696712845,0.7196446015176919,0.03326350378475197,0.4623120897646409
lyc0lh2d,cfg2,boot04,vn03@pca32,vn03@pca32,0,5000,3.5,51,0.0102,0.6526283905429546,0.6379781231216596,0.03118610126222711,0.5247671241501194,0.6601889630324599,0.632409769498568,0.024163534393383,0.526489885462496
lyc0lh2d,cfg2,boot04,vn06,VN 6,0,5000,3.5,51,0.0102,0.6915437427427891,0.6744539378816676,0.060606336545924414,0.5042243181822212,0.760143103091087,0.7360078937479709,0.03522178260520713,0.4513828365434702
lyc0lh2d,cfg2,boot04,vn06@pca32,vn06@pca32,0,5000,3.5,51,0.0102,0.6720386533872635,0.6559222045165325,0.04554227033669954,0.5152883656744547,0.6929128884820929,0.664380168718266,0.02668824471996506,0.5032233119525662
lyc0lh2d,cfg2,boot04,vn09,VN 9,0,5000,3.5,51,0.0102,0.699820056923856,0.6824218958598094,0.05001133320511292,0.4991769124973857,0.7673155835008354,0.7447726383661882,0.03936982644313826,0.4436121277181374
lyc0lh2d,cfg2,boot04,vn09@pca32,vn09@pca32,0,5000,3.5,51,0.0102,0.6796064747658415,0.6640506035345748,0.05406909473682657,0.5100728022776937,0.7028307482739165,0.6747373726239358,0.027089736015833712,0.49625935530268783
lyc0lh2d,cfg2,boot04,vn12,VN 12,0,5000,3.5,51,0.0102,0.7098476007189909,0.6928962894850902,0.05349402345717799,0.49273442399791423,0.7829389870268856,0.7619876738768493,0.04364243369547867,0.43032088949419633
lyc0lh2d,cfg2,boot04,vn12@pca32,vn12@pca32,0,5000,3.5,51,0.0102,0.6895796075831326,0.6746226143741023,0.04813508097915385,0.5031003515945832,0.712058829993394,0.6838729342148242,0.02632132105241481,0.4889291339616665
lyc0lh2d,cfg2,boot04,vn15,VN 15,0,5000,3.5,51,0.0102,0.7184393982354003,0.7013215897644984,0.05046370545532533,0.48631235584150045,0.790968760883004,0.7716166981558072,0.06001727826331074,0.421477108727492
lyc0lh2d,cfg2,boot04,vn15@pca32,vn15@pca32,0,5000,3.5,51,0.0102,0.6938720796140121,0.6786188490599834,0.05110371362510484,0.49853665266914504,0.7191577896398165,0.6899385367930503,0.024145040524759506,0.4841553697908283
lyc0lh2d,cfg2,boot04,pooled512,Pooled embedding,0,5000,3.5,51,0.0102,0.8463607513736577,0.8448389240514075,0.16065342742361785,0.3454261634726542,0.8557836533879251,0.8501282926347989,0.19788472196297263,0.34015054531227074
lyc0lh2d,cfg2,boot04,pooled512@pca32,pooled512@pca32,0,5000,3.5,51,0.0102,0.8460094793785279,0.845340421300129,0.1538521359305205,0.34438146765650957,0.8583290320978363,0.8544589251073903,0.17767154268556223,0.33339996949633655
lyc0lh2d,cfg2,boot04,pooled+vn15,pooled+vn15,0,5000,3.5,51,0.0102,0.8223009835090075,0.8199377854038483,0.06560789674255729,0.3699184793667256,0.8596256292410416,0.8543895705795146,0.20411811259685875,0.3347016926777552
lyc0lh2d,cfg2,boot04,pooled+vn15@pca32,pooled+vn15@pca32,0,5000,3.5,51,0.0102,0.8222459515734291,0.8204917581155192,0.06697028468583058,0.37069662762240985,0.8388090000618263,0.8320083321917155,0.09489935284652998,0.35950229206040035
lyc0lh2d,cfg2,boot04,pooled@scaled,pooled@scaled,0,5000,3.5,51,0.0102,0.8409746901996022,0.8388721162699986,0.1317074152966067,0.35031029047740636,0.8618634139280055,0.8567099235733335,0.2018445486630313,0.3305359404219704
lyc0lh2d,cfg2,boot04,pooled@scaled@pca32,pooled@scaled@pca32,0,5000,3.5,51,0.0102,0.8384608019373307,0.8388825926612565,0.14613809545655485,0.3516019129877686,0.8510154164046063,0.8452044149868352,0.12997341893627498,0.34566726846699214
lyc0lh2d,cfg2,boot04,pooled+randproj,pooled+randproj,0,5000,3.5,51,0.0102,0.8432439880452132,0.8419292302850809,0.139094786293981,0.3479971644744121,0.8606900927090425,0.8555493054257333,0.20361737827127047,0.33216623126247896
lyc0lh2d,cfg2,boot04,pooled+randproj@pca32,pooled+randproj@pca32,0,5000,3.5,51,0.0102,0.8405751563848909,0.8404921645558824,0.1491511186770409,0.34930818269859865,0.8537053144048647,0.849132935336057,0.1725386449477442,0.3401076964993522
lyc0lh2d,cfg2,boot04,z,z,0,5000,3.5,51,0.0102,0.865384064035623,0.8618877612565883,0.2032614916659178,0.32424809748626293,0.8582045264436113,0.8524742398110168,0.17549289050971129,0.33695085820026094
lyc0lh2d,cfg2,boot04,z@pca32,z@pca32,0,5000,3.5,51,0.0102,0.8649357534961502,0.8618952423288134,0.2156298770830748,0.3244743764527036,0.8720422584231504,0.866652507512101,0.21123946260418217,0.3169540608592075
lyc0lh2d,cfg2,boot04,pred1,pred1,0,5000,3.5,51,0.0102,0.817057485845429,0.8005246809550041,0.07412345616317298,0.39000043240649784,0.8712947007488799,0.8619597041791233,0.21699404442591494,0.3221200711489173
lyc0lh2d,cfg2,boot05,vn03,VN 3,0,5000,3.5,51,0.0102,0.6645117558457496,0.6488765544224944,0.03222229594263685,0.5196321439626401,0.7381206311223808,0.7117681760401939,0.029117868761271024,0.46960886084009346
lyc0lh2d,cfg2,boot05,vn03@pca32,vn03@pca32,0,5000,3.5,51,0.0102,0.6447814866747631,0.6311098710402703,0.03243986080318445,0.528045254826305,0.6626759141438663,0.6348695673505149,0.022622283893846313,0.5232823743723508
lyc0lh2d,cfg2,boot05,vn06,VN 6,0,5000,3.5,51,0.0102,0.6920179458983832,0.6745985706757788,0.05531728585284714,0.5036951180639375,0.7550376992543179,0.7322002491928312,0.03939994465573611,0.4524098826620495
lyc0lh2d,cfg2,boot05,vn06@pca32,vn06@pca32,0,5000,3.5,51,0.0102,0.6659558264604077,0.6520714252647003,0.048737065645347376,0.5156409387388631,0.6802809096424747,0.652568922379728,0.026698478002981297,0.5132591672942256
lyc0lh2d,cfg2,boot05,vn09,VN 9,0,5000,3.5,51,0.0102,0.7001029650999353,0.6822503696280221,0.058719818066845716,0.4988737767411885,0.7686145686470935,0.7468216680662098,0.04497056392275152,0.44146120551455326
lyc0lh2d,cfg2,boot05,vn09@pca32,vn09@pca32,0,5000,3.5,51,0.0102,0.6761367765554982,0.6612097467259761,0.05661813406802246,0.5094722680721235,0.6928144657450253,0.6672354368190885,0.030079189220269295,0.5041446913551211
lyc0lh2d,cfg2,boot05,vn12,VN 12,0,5000,3.5,51,0.0102,0.7090447535398225,0.6904760783093744,0.0636525161719865,0.49440130669856497,0.7851306674165397,0.7651249195824907,0.051947598120781036,0.42834647769044953
lyc0lh2d,cfg2,boot05,vn12@pca32,vn12@pca32,0,5000,3.5,51,0.0102,0.680739238811935,0.6653628335038322,0.05545834173755794,0.5073167283489481,0.697087450478771,0.6727149524596454,0.02948786229525832,0.5009199517871046
lyc0lh2d,cfg2,boot05,vn15,VN 15,0,5000,3.5,51,0.0102,0.7168162650357798,0.6983007551131806,0.062065479274780594,0.4886246820389317,0.796173905953537,0.7776212190722189,0.05758512440077887,0.41682663763220784
lyc0lh2d,cfg2,boot05,vn15@pca32,vn15@pca32,0,5000,3.5,51,0.0102,0.690676770474085,0.6749776309491438,0.059874496003406844,0.49998259874768197,0.7119701483484603,0.686641447286438,0.02700731088037623,0.49061740953156463
lyc0lh2d,cfg2,boot05,pooled512,Pooled embedding,0,5000,3.5,51,0.0102,0.8461959900786387,0.8460391337729178,0.18542760072397307,0.3462538655417374,0.8537640677376648,0.8486633996132784,0.18255449549561562,0.3420176578006605
lyc0lh2d,cfg2,boot05,pooled512@pca32,pooled512@pca32,0,5000,3.5,51,0.0102,0.8472478718058674,0.8472531942088083,0.16189834443494414,0.3451836931243302,0.8623806111969066,0.8594073160169768,0.20281894699324138,0.3295569077644297
lyc0lh2d,cfg2,boot05,pooled+vn15,pooled+vn15,0,5000,3.5,51,0.0102,0.8275802946834079,0.8250489923208841,0.10175369438352608,0.36687416472374623,0.8585066988025942,0.8531015647411971,0.1877070083828636,0.3369758237861754
lyc0lh2d,cfg2,boot05,pooled+vn15@pca32,pooled+vn15@pca32,0,5000,3.5,51,0.0102,0.8309824204509748,0.8302547345721267,0.0923910053747512,0.36293118465116314,0.8486693681157909,0.8455311991916892,0.19542175817898072,0.34750000775739653
lyc0lh2d,cfg2,boot05,pooled@scaled,pooled@scaled,0,5000,3.5,51,0.0102,0.8420039643581262,0.8398995396997119,0.15375079269260683,0.35134084861522386,0.8603095101858302,0.8554513680155094,0.18942675395966938,0.3330863902555302
lyc0lh2d,cfg2,boot05,pooled@scaled@pca32,pooled@scaled@pca32,0,5000,3.5,51,0.0102,0.8407949246261672,0.841304555176186,0.13639551741530018,0.35015543819197315,0.8546276858054176,0.851941899983071,0.19815159432666452,0.339603670275951
lyc0lh2d,cfg2,boot05,pooled+randproj,pooled+randproj,0,5000,3.5,51,0.0102,0.8422229772064784,0.8421443063844977,0.16759570048551697,0.35012226559031967,0.8587352895010585,0.8540365015161175,0.18791004507238243,0.3351276873565453
lyc0lh2d,cfg2,boot05,pooled+randproj@pca32,pooled+randproj@pca32,0,5000,3.5,51,0.0102,0.8438794236299421,0.84466166590681,0.16383478504830745,0.34768518223678324,0.8560601921075979,0.8536786593040095,0.1974171026042232,0.33760068836124457
lyc0lh2d,cfg2,boot05,z,z,0,5000,3.5,51,0.0102,0.8646092969786764,0.8610835639917697,0.2036685071138277,0.3253102454532887,0.8596131083017973,0.8545793218737705,0.19304543572847843,0.3331398653536813
lyc0lh2d,cfg2,boot05,z@pca32,z@pca32,0,5000,3.5,51,0.0102,0.865115648597739,0.8614042408711354,0.19278771798489297,0.32421125999908634,0.873147739702123,0.8673466665423774,0.2120898260483619,0.316394704348568
lyc0lh2d,cfg2,boot05,pred1,pred1,0,5000,3.5,51,0.0102,0.8243213061021806,0.8105488899097936,0.09284337140983018,0.3790529923934669,0.8727380081250868,0.8635778111657363,0.22000727066495904,0.3193903190446618
lyc0lh2d,cfg2,boot06,vn03,VN 3,0,5000,3.5,51,0.0102,0.6611382362321088,0.6450126734367679,0.032488061518633184,0.52223110188734,0.7467827067432221,0.7207487127518364,0.03108769854681738,0.46307516678449856
lyc0lh2d,cfg2,boot06,vn03@pca32,vn03@pca32,0,5000,3.5,51,0.0102,0.6384559432754353,0.6247629780967658,0.02809634770007232,0.5316617814217626,0.663706337453462,0.6346618330571026,0.024037995942727777,0.5241982574837809
lyc0lh2d,cfg2,boot06,vn06,VN 6,0,5000,3.5,51,0.0102,0.6939558697862919,0.6778110322656579,0.0631235846259991,0.5018485459974157,0.7593072304157408,0.7355978585370546,0.03664247809005966,0.4528354755462094
lyc0lh2d,cfg2,boot06,vn06@pca32,vn06@pca32,0,5000,3.5,51,0.0102,0.6718945018990897,0.657223532617599,0.05324604239958085,0.5138663842940141,0.6938261919088484,0.6661901883015997,0.032508380923978904,0.5037873896992319
lyc0lh2d,cfg2,boot06,vn09,VN 9,0,5000,3.5,51,0.0102,0.7018147304297487,0.6839182092569229,0.057373774719851015,0.49803680255971666,0.7709592612960982,0.7485439742673696,0.04433029645995723,0.4422428506277317
lyc0lh2d,cfg2,boot06,vn09@pca32,vn09@pca32,0,5000,3.5,51,0.0102,0.6829264212169358,0.6673284258406225,0.0687942614083202,0.5080375056523387,0.7038083435844629,0.6772834663080429,0.040111033260260415,0.49606754470222697
lyc0lh2d,cfg2,boot06,vn12,VN 12,0,5000,3.5,51,0.0102,0.713819394149454,0.6949826099131495,0.06209119101318707,0.4896412403980239,0.7877889943461327,0.767947064984596,0.05298168898534936,0.4266945831880809
lyc0lh2d,cfg2,boot06,vn12@pca32,vn12@pca32,0,5000,3.5,51,0.0102,0.6932019229919618,0.676940886934064,0.055909426006143015,0.5009413005716967,0.7208221202536965,0.6935604471103057,0.03456009281514255,0.4826232159623164
lyc0lh2d,cfg2,boot06,vn15,VN 15,0,5000,3.5,51,0.0102,0.725079150844502,0.7058244732616075,0.05756255219002641,0.48151065398582643,0.7960250529138113,0.7779216386645433,0.07399713846829864,0.4163217368134631
lyc0lh2d,cfg2,boot06,vn15@pca32,vn15@pca32,0,5000,3.5,51,0.0102,0.7118972922483211,0.6952563721227065,0.05264345870597782,0.48655724225880115,0.740260055567082,0.7118210820433875,0.02887570949511338,0.46834972860142243
lyc0lh2d,cfg2,boot06,pooled512,Pooled embedding,0,5000,3.5,51,0.0102,0.8452278120562573,0.844726514364762,0.1895537327423777,0.34555616726456484,0.852780538639312,0.8485168640747526,0.18030317606749746,0.34203458342051707
lyc0lh2d,cfg2,boot06,pooled512@pca32,pooled512@pca32,0,5000,3.5,51,0.0102,0.8426705459949754,0.8445468404115476,0.20149095144409784,0.34659494203331953,0.8599158375257265,0.8578379063591012,0.22868638546293965,0.3323192031854885
lyc0lh2d,cfg2,boot06,pooled+vn15,pooled+vn15,0,5000,3.5,51,0.0102,0.8277437440138291,0.8249522986441943,0.11409792967287476,0.36766879198215247,0.8570469299804094,0.8524041643436505,0.2019861969746838,0.33662680095669756
lyc0lh2d,cfg2,boot06,pooled+vn15@pca32,pooled+vn15@pca32,0,5000,3.5,51,0.0102,0.8249623872315816,0.8229053652998723,0.09978323592143823,0.3707184369289271,0.8361268360108953,0.8297091419485243,0.1491952015592824,0.36305732768183685
lyc0lh2d,cfg2,boot06,pooled@scaled,pooled@scaled,0,5000,3.5,51,0.0102,0.842724789985091,0.8408030586543185,0.16285775887994836,0.3489479006193157,0.8592324601298202,0.8550308430149276,0.19039641312381528,0.33291419507870845
lyc0lh2d,cfg2,boot06,pooled@scaled@pca32,pooled@scaled@pca32,0,5000,3.5,51,0.0102,0.8416916928687073,0.8422455313961321,0.17250616903664984,0.34865178129542695,0.8535391677551445,0.8507162366278201,0.22139705634930895,0.3408099046786357
lyc0lh2d,cfg2,boot06,pooled+randproj,pooled+randproj,0,5000,3.5,51,0.0102,0.8456819102414102,0.8435862770767387,0.1687880816411155,0.3457750327306562,0.8575207256892063,0.8534520360166946,0.1885142471089546,0.33527033209458845
lyc0lh2d,cfg2,boot06,pooled+randproj@pca32,pooled+randproj@pca32,0,5000,3.5,51,0.0102,0.8415516417842432,0.8429123117018174,0.18942119326514809,0.34778999253029763,0.8553185527388443,0.8534190206347668,0.21643322002484705,0.33837900295757206
lyc0lh2d,cfg2,boot06,z,z,0,5000,3.5,51,0.0102,0.8631879308005743,0.8612272031964692,0.26902329249573237,0.32540856156396525,0.858724741374292,0.8544692768883702,0.1957260030297604,0.3337018750045426
lyc0lh2d,cfg2,boot06,z@pca32,z@pca32,0,5000,3.5,51,0.0102,0.8622108055772001,0.8609695963809909,0.26975787584677335,0.3261904074463704,0.8697448256183795,0.8655876565239575,0.26261213090621394,0.3189289931916839
lyc0lh2d,cfg2,boot06,pred1,pred1,0,5000,3.5,51,0.0102,0.819169090519048,0.803132868788496,0.10504621208302237,0.38905184448994146,0.8697936563048664,0.8619873945067542,0.26293775761904326,0.32163460136746586
lyc0lh2d,cfg2,boot07,vn03,VN 3,0,5000,3.5,51,0.0102,0.6686221821932372,0.6519438292352009,0.03101486387160047,0.5178494110045234,0.7387015721427428,0.7116782022566522,0.02965221197360108,0.4684896545499798
lyc0lh2d,cfg2,boot07,vn03@pca32,vn03@pca32,0,5000,3.5,51,0.0102,0.6455132348908947,0.6309677147562816,0.028823038986268534,0.5292899148151436,0.6632933467332391,0.6332472156034981,0.0246668014672258,0.5256892037348149
lyc0lh2d,cfg2,boot07,vn06,VN 6,0,5000,3.5,51,0.0102,0.6929582580015744,0.6760064243695992,0.04766595427967306,0.5017758152588675,0.7529596747935279,0.7297953539747308,0.03587944502921161,0.45668182824450965
lyc0lh2d,cfg2,boot07,vn06@pca32,vn06@pca32,0,5000,3.5,51,0.0102,0.6767433619082243,0.661098850386086,0.0348136171299905,0.5112544184975365,0.6926970466556304,0.6647664376027937,0.0305662375457026,0.5039496383716489
lyc0lh2d,cfg2,boot07,vn09,VN 9,0,5000,3.5,51,0.0102,0.703715960388611,0.6861180247254122,0.04810902160688139,0.49447966522986325,0.7638247253537744,0.741538984149533,0.04203995298475957,0.4480231865220289
lyc0lh2d,cfg2,boot07,vn09@pca32,vn09@pca32,0,5000,3.5,51,0.0102,0.690386833835448,0.6741466324809603,0.04357172172571822,0.5029408072835919,0.7070987721446458,0.6795863377972416,0.034820345697987705,0.4937917300867402
lyc0lh2d,cfg2,boot07,vn12,VN 12,0,5000,3.5,51,0.0102,0.7083614127495661,0.6902899831641494,0.04965003896224306,0.4932134191610241,0.7810927680846425,0.7605560916351342,0.05527988075129988,0.431989593018396
lyc0lh2d,cfg2,boot07,vn12@pca32,vn12@pca32,0,5000,3.5,51,0.0102,0.6925884207990726,0.6759208225064964,0.048154045153285335,0.502320427342674,0.7160742952264327,0.6895843592519563,0.03389700595747463,0.48690930952639966
lyc0lh2d,cfg2,boot07,vn15,VN 15,0,5000,3.5,51,0.0102,0.7162519481835861,0.6988734900152855,0.05432048862342151,0.4867001682172913,0.7920039291540921,0.7736622410210416,0.0649476096764541,0.4204342502018258
lyc0lh2d,cfg2,boot07,vn15@pca32,vn15@pca32,0,5000,3.5,51,0.0102,0.7003341574398503,0.6841068635332757,0.050742566023496735,0.49646437153176404,0.7301652365552841,0.7043259537692282,0.039226958647480784,0.4765581906380859
lyc0lh2d,cfg2,boot07,pooled512,Pooled embedding,0,5000,3.5,51,0.0102,0.8453639661416269,0.8424076906717148,0.15521503658814334,0.34752481597857526,0.8530970024653952,0.8467474208931184,0.1679137489586853,0.34340058736115564
lyc0lh2d,cfg2,boot07,pooled512@pca32,pooled512@pca32,0,5000,3.5,51,0.0102,0.8427466777519559,0.8420469429563353,0.15328069450347057,0.3488889281146642,0.8587285117523713,0.8546898725505854,0.14976487098560282,0.33288181023400565
lyc0lh2d,cfg2,boot07,pooled+vn15,pooled+vn15,0,5000,3.5,51,0.0102,0.8249368396730019,0.8199468563512773,0.06399827935043767,0.37107717092825077,0.8566026088887552,0.8510864196882999,0.18917985871868176,0.33880914287736885
lyc0lh2d,cfg2,boot07,pooled+vn15@pca32,pooled+vn15@pca32,0,5000,3.5,51,0.0102,0.8225262524133651,0.8184884955538057,0.06414520665693668,0.3733822270979996,0.8371679858309049,0.8314950286283608,0.10792170756050048,0.36124330166773366
lyc0lh2d,cfg2,boot07,pooled@scaled,pooled@scaled,0,5000,3.5,51,0.0102,0.8408510860750913,0.8364441491000246,0.1312820415930364,0.3530671233179575,0.85909885109962,0.8535352926021295,0.18531277213605446,0.33409636555392325
lyc0lh2d,cfg2,boot07,pooled@scaled@pca32,pooled@scaled@pca32,0,5000,3.5,51,0.0102,0.8401977625402486,0.8383735945627484,0.10720291744172308,0.3519523373098248,0.8527543088651148,0.848351807280957,0.1342110130696317,0.3411096248615022
lyc0lh2d,cfg2,boot07,pooled+randproj,pooled+randproj,0,5000,3.5,51,0.0102,0.8424319613607647,0.8388866530987138,0.14355235209734465,0.3504129602746827,0.8574818349523495,0.8517804676140559,0.176535958919393,0.33638499899676516
lyc0lh2d,cfg2,boot07,pooled+randproj@pca32,pooled+randproj@pca32,0,5000,3.5,51,0.0102,0.8414918617867331,0.8398357262664555,0.1240125704145488,0.35126731982989456,0.8551615957114067,0.8512353139259394,0.14872772212675509,0.33789530170022536
lyc0lh2d,cfg2,boot07,z,z,0,5000,3.5,51,0.0102,0.8609703167756768,0.8578390407545542,0.16880220644925387,0.3292557566438303,0.8572565269043311,0.8510097733800932,0.15774962179898483,0.33717687567012045
lyc0lh2d,cfg2,boot07,z@pca32,z@pca32,0,5000,3.5,51,0.0102,0.8616580213729066,0.8587013040519773,0.16256147170870244,0.3288911401232447,0.8705447996874758,0.8655698086447905,0.18493386890264457,0.3180064795811498
lyc0lh2d,cfg2,boot07,pred1,pred1,0,5000,3.5,51,0.0102,0.8216354322084192,0.8068166452857917,0.07825850776165555,0.3823424436236691,0.8688011404158441,0.8605010120143064,0.19823927770234623,0.32289294026949183
lyc0lh2d,cfg2,boot08,vn03,VN 3,0,5000,3.5,51,0.0102,0.6704909861576687,0.6553237242435298,0.03385528780008751,0.5173037304339861,0.7425830772737292,0.716418223119607,0.02894761813991245,0.4645676037597776
lyc0lh2d,cfg2,boot08,vn03@pca32,vn03@pca32,0,5000,3.5,51,0.0102,0.6515973967293991,0.6370314144335945,0.027117223864925002,0.526619330813328,0.657833075860278,0.6295677690994766,0.024556016465434243,0.5289689618559197
lyc0lh2d,cfg2,boot08,vn06,VN 6,0,5000,3.5,51,0.0102,0.699669508372669,0.6820163310088405,0.053482263738181386,0.49817842109039767,0.7576069139946628,0.7354944608357277,0.039951612619286384,0.4506612245634887
lyc0lh2d,cfg2,boot08,vn06@pca32,vn06@pca32,0,5000,3.5,51,0.0102,0.6799775080462398,0.6647079151398778,0.04756947072195558,0.508320142929199,0.680849427389068,0.6538696159105142,0.030822265054289217,0.5133581045030327
lyc0lh2d,cfg2,boot08,vn09,VN 9,0,5000,3.5,51,0.0102,0.7111319350028271,0.6925171685146752,0.047234920439720524,0.49188913230238485,0.7717157934103919,0.7505147667361366,0.046172891737567924,0.43857365769736945
lyc0lh2d,cfg2,boot08,vn09@pca32,vn09@pca32,0,5000,3.5,51,0.0102,0.6906592587981271,0.6744817781791526,0.04528420182574264,0.5011838781606864,0.6985778101351111,0.6710271980371356,0.029885123882848176,0.5005986264776978
lyc0lh2d,cfg2,boot08,vn12,VN 12,0,5000,3.5,51,0.0102,0.7208709358766401,0.7018840792938144,0.06237106849234196,0.48542783573318915,0.7895263679119436,0.7699842373402589,0.05061433223622119,0.42331163768580937
lyc0lh2d,cfg2,boot08,vn12@pca32,vn12@pca32,0,5000,3.5,51,0.0102,0.7011051037455278,0.6847030927157938,0.052878920506768366,0.49516213009157134,0.7134141473166238,0.6851254188301286,0.029346586843890597,0.4894232056811721
lyc0lh2d,cfg2,boot08,vn15,VN 15,0,5000,3.5,51,0.0102,0.7297519651381302,0.7108499904279826,0.06831115334200345,0.4793598961118055,0.7991876286707332,0.781318745260905,0.05944069346065016,0.41260127740495434
lyc0lh2d,cfg2,boot08,vn15@pca32,vn15@pca32,0,5000,3.5,51,0.0102,0.710933062287394,0.6942828912417733,0.04536086633160307,0.487709398357822,0.7357387887083179,0.7083996244203105,0.026772352319692775,0.4718855400916828
lyc0lh2d,cfg2,boot08,pooled512,Pooled embedding,0,5000,3.5,51,0.0102,0.8476981249522177,0.8452363661720543,0.18468299965729235,0.3456464303822503,0.8532159779253875,0.8488740523366762,0.2022740712945838,0.3414585394217501
lyc0lh2d,cfg2,boot08,pooled512@pca32,pooled512@pca32,0,5000,3.5,51,0.0102,0.8463486763259234,0.8459580831747049,0.20534265898172982,0.346458618116092,0.861985302743929,0.8583718371521902,0.17920596559976565,0.33116694193024654
lyc0lh2d,cfg2,boot08,pooled+vn15,pooled+vn15,0,5000,3.5,51,0.0102,0.8307401379221258,0.8281313070501142,0.09574924252404723,0.36339959087887114,0.8575247546868021,0.853389776927884,0.217306578269799,0.33611553062862876
lyc0lh2d,cfg2,boot08,pooled+vn15@pca32,pooled+vn15@pca32,0,5000,3.5,51,0.0102,0.8325991562341091,0.8311798121566514,0.10652012705611982,0.36086903521743663,0.8474110612664026,0.8426783775874662,0.14839291530876048,0.35119726841416665
lyc0lh2d,cfg2,boot08,pooled@scaled,pooled@scaled,0,5000,3.5,51,0.0102,0.8457043228177703,0.8427136264773682,0.1839632809084995,0.34877542433144815,0.8605951708478844,0.8565745933508995,0.20753314664095313,0.331209602370778
lyc0lh2d,cfg2,boot08,pooled@scaled@pca32,pooled@scaled@pca32,0,5000,3.5,51,0.0102,0.8454607262103813,0.8452194065852983,0.20524873972118815,0.346811805979832,0.8558087436142918,0.8520848997694939,0.17990443719955312,0.33921781988287153
lyc0lh2d,cfg2,boot08,pooled+randproj,pooled+randproj,0,5000,3.5,51,0.0102,0.8479326898519797,0.8455482738082909,0.20125512844796264,0.34603398556790943,0.858815895501013,0.8548946782766491,0.20860033247096,0.33360400571487314
lyc0lh2d,cfg2,boot08,pooled+randproj@pca32,pooled+randproj@pca32,0,5000,3.5,51,0.0102,0.8460261536466729,0.8464565933667347,0.18878373375519192,0.3458630896291722,0.8574592498480024,0.8548113992159727,0.18601831952099016,0.3362743087189224
lyc0lh2d,cfg2,boot08,z,z,0,5000,3.5,51,0.0102,0.8651165246192944,0.8616515368477173,0.20538556289239956,0.32537278608291076,0.8589988887348239,0.8552220345748636,0.208314905116024,0.33318278060981743
lyc0lh2d,cfg2,boot08,z@pca32,z@pca32,0,5000,3.5,51,0.0102,0.8654913090349394,0.8621237584027013,0.20167214692688873,0.32624394639353976,0.8720336522657264,0.8672471296279868,0.23306194015810427,0.3170480900973307
lyc0lh2d,cfg2,boot08,pred1,pred1,0,5000,3.5,51,0.0102,0.8252110359790822,0.8088079132605435,0.0965559401497332,0.3819256435428048,0.8715040393715968,0.8630021677762617,0.24373673998441459,0.32171139340731486
lyc0lh2d,cfg2,boot09,vn03,VN 3,0,5000,3.5,51,0.0102,0.6788198943558825,0.6615026312924805,0.03161362909321768,0.512647091486891,0.7432690469356592,0.7152019100869826,0.02565750560347426,0.46507014463228813
lyc0lh2d,cfg2,boot09,vn03@pca32,vn03@pca32,0,5000,3.5,51,0.0102,0.6603697772510795,0.6448835956962669,0.02664276686146084,0.5215240192984149,0.6673668798765661,0.6379101658581816,0.023048006951694323,0.5221303735085452
lyc0lh2d,cfg2,boot09,vn06,VN 6,0,5000,3.5,51,0.0102,0.7071804201389777,0.6886122369995189,0.05294725871160784,0.49160731308992545,0.7601088894064445,0.7373341525193465,0.04022159708276425,0.4502713002797938
lyc0lh2d,cfg2,boot09,vn06@pca32,vn06@pca32,0,5000,3.5,51,0.0102,0.6887853817286765,0.671458702477665,0.04402759150238876,0.5026933867623895,0.6976508353401116,0.6701633226648802,0.02962061590607762,0.5005136577043576
lyc0lh2d,cfg2,boot09,vn09,VN 9,0,5000,3.5,51,0.0102,0.7189344088209331,0.6995587311314528,0.04810178833649311,0.4843774814877573,0.7753694005433166,0.7550042455423712,0.0486491488283064,0.43670822389162456
lyc0lh2d,cfg2,boot09,vn09@pca32,vn09@pca32,0,5000,3.5,51,0.0102,0.7044111325644817,0.6876283979105946,0.04499991590225645,0.49126749289976934,0.7128189585329632,0.6868813710457491,0.03514912266796082,0.48856254499630275
lyc0lh2d,cfg2,boot09,vn12,VN 12,0,5000,3.5,51,0.0102,0.7293070928471854,0.7104163716630225,0.051177192121544104,0.47735995604190173,0.7894061253387928,0.77313214807689,0.07114780449128305,0.422212319531143
lyc0lh2d,cfg2,boot09,vn12@pca32,vn12@pca32,0,5000,3.5,51,0.0102,0.7115539346956956,0.6944833184408626,0.046013345613545226,0.48647096911100385,0.7190774067095101,0.6931248910852407,0.03528382226142615,0.483376083770376
lyc0lh2d,cfg2,boot09,vn15,VN 15,0,5000,3.5,51,0.0102,0.7357373266355078,0.7177866004854909,0.0472419735718097,0.47158604208325555,0.7973403154857169,0.782351185054365,0.07450052682652655,0.4127555153330085
lyc0lh2d,cfg2,boot09,vn15@pca32,vn15@pca32,0,5000,3.5,51,0.0102,0.7178873203123821,0.7011441674348048,0.04533541920710956,0.4814135055454176,0.7305524152190783,0.7043425058652353,0.03421896180563243,0.4741233655570509
lyc0lh2d,cfg2,boot09,pooled512,Pooled embedding,0,5000,3.5,51,0.0102,0.8407890472651044,0.8402986878149965,0.1532645701954618,0.35084293992553894,0.8532439779825789,0.8478040309407981,0.1928616395331334,0.34168548488414585
lyc0lh2d,cfg2,boot09,pooled512@pca32,pooled512@pca32,0,5000,3.5,51,0.0102,0.8398111107249232,0.8421948377889856,0.17360747813974983,0.35047969486876224,0.8555937354829717,0.8532076996852065,0.20219389642361393,0.33634247028506087
lyc0lh2d,cfg2,boot09,pooled+vn15,pooled+vn15,0,5000,3.5,51,0.0102,0.8206801484125246,0.8170630820846362,0.07175679451869821,0.3739572816749268,0.8571092788184183,0.8520812659244708,0.19415651323700153,0.33657114511907893
lyc0lh2d,cfg2,boot09,pooled+vn15@pca32,pooled+vn15@pca32,0,5000,3.5,51,0.0102,0.8181572893274959,0.8158097779164399,0.061046585584655755,0.37652072308970985,0.8281120210975259,0.8227470217566559,0.10464046092090676,0.372986907496177
lyc0lh2d,cfg2,boot09,pooled@scaled,pooled@scaled,0,5000,3.5,51,0.0102,0.8341774820812031,0.8312169403720446,0.11377243910846269,0.3583889379637384,0.8595421119891338,0.8546560366600341,0.19894091279458662,0.3324092248652548
lyc0lh2d,cfg2,boot09,pooled@scaled@pca32,pooled@scaled@pca32,0,5000,3.5,51,0.0102,0.8374446126332429,0.8385045878265038,0.1449248241084299,0.3532799254765808,0.8470537715929782,0.8438835634706445,0.16060691356746032,0.347614405809501
lyc0lh2d,cfg2,boot09,pooled+randproj,pooled+randproj,0,5000,3.5,51,0.0102,0.8387806945961984,0.8369214673262835,0.13452795823954422,0.35411007152211654,0.8580041671160729,0.8532779638790292,0.19988234229337257,0.33436657754939114
lyc0lh2d,cfg2,boot09,pooled+randproj@pca32,pooled+randproj@pca32,0,5000,3.5,51,0.0102,0.8385045587707483,0.8397178461567012,0.1409904220193236,0.352775494507521,0.8498056337344215,0.8478529668971877,0.18067860094870614,0.3428194647617655
lyc0lh2d,cfg2,boot09,z,z,0,5000,3.5,51,0.0102,0.8615683411593266,0.8588532010393556,0.18962627529023962,0.32836122687807895,0.8556750446573334,0.8499820693207246,0.18516658076034787,0.33791492747783547
lyc0lh2d,cfg2,boot09,z@pca32,z@pca32,0,5000,3.5,51,0.0102,0.8621338363453537,0.8598179526355243,0.2018879116155905,0.32823705630215916,0.8717944926132131,0.8666265741837098,0.2187176740199159,0.31775795834978376
lyc0lh2d,cfg2,boot09,pred1,pred1,0,5000,3.5,51,0.0102,0.8203835034585527,0.8051773982018997,0.08472308698061376,0.38585771631585186,0.8711352342317329,0.8622133661558474,0.23116670412882664,0.3215052601551893
lyc0lh2d,pretrained,frozen,vn03,VN 3,0,5000,3.5,51,0.0102,0.6578005059228519,0.6410568836481318,0.025444261345040166,0.5345592242150309,0.7357891763751023,0.7106428543205534,0.02755614245880323,0.47023253180013075
lyc0lh2d,pretrained,frozen,vn03@pca32,vn03@pca32,0,5000,3.5,51,0.0102,0.6395967810006353,0.6255621534537235,0.02589748459178104,0.5381420025118049,0.6605095470410346,0.6299404668341302,0.021474957551030953,0.5275159524811
lyc0lh2d,pretrained,frozen,vn06,VN 6,0,5000,3.5,51,0.0102,0.6805847849979223,0.660857214642256,0.03950215358671085,0.5222181168611255,0.7333536474526321,0.7051901808874024,0.02661584053634329,0.47273546852708126
lyc0lh2d,pretrained,frozen,vn06@pca32,vn06@pca32,0,5000,3.5,51,0.0102,0.667811193005198,0.6505940004720008,0.039743392529646246,0.5211418884240322,0.6811283499095708,0.6521070426973354,0.02838606106152893,0.5143592391382406
lyc0lh2d,pretrained,frozen,vn09,VN 9,0,5000,3.5,51,0.0102,0.6783337256236076,0.6583460692551215,0.04925339834180778,0.5257984004220044,0.7302788863322045,0.7013761241577139,0.025950136572954263,0.4760711163706155
lyc0lh2d,pretrained,frozen,vn09@pca32,vn09@pca32,0,5000,3.5,51,0.0102,0.6628993401229484,0.6462737018018954,0.038691356392461435,0.5257616622340446,0.6786071311306702,0.6499486185475403,0.029799441415593347,0.5157241506409358
lyc0lh2d,pretrained,frozen,vn12,VN 12,0,5000,3.5,51,0.0102,0.6811780748992645,0.6602128961768126,0.047083839284897205,0.5257955567090253,0.7349976208316591,0.7048860217108373,0.025551837560836177,0.47317562866817064
lyc0lh2d,pretrained,frozen,vn12@pca32,vn12@pca32,0,5000,3.5,51,0.0102,0.6692134000535543,0.6517238905367178,0.037980759902171396,0.5239233703469176,0.6862374046073383,0.6573629574965087,0.02845681203105996,0.5109389862069441
lyc0lh2d,pretrained,frozen,vn15,VN 15,0,5000,3.5,51,0.0102,0.6750723338030766,0.655289082161228,0.04677206613846549,0.5314254122777797,0.7379325360643174,0.7093275526210354,0.026968199773479203,0.4688266944721975
lyc0lh2d,pretrained,frozen,vn15@pca32,vn15@pca32,0,5000,3.5,51,0.0102,0.6589218004849535,0.6423473194343254,0.0436152007319824,0.5301375990209034,0.6825813205146398,0.6536388499731121,0.0279747201144983,0.5134080859786503
lyc0lh2d,pretrained,frozen,pooled512,Pooled embedding,0,5000,3.5,51,0.0102,0.7569199207660174,0.7375050735417308,0.052657426010836714,0.45494763065204274,0.7394923093418246,0.7149146885520601,0.041051474078181445,0.47003574897487066
lyc0lh2d,pretrained,frozen,pooled512@pca32,pooled512@pca32,0,5000,3.5,51,0.0102,0.7478147920995754,0.729810046832027,0.04191184158527848,0.457809822929585,0.7093072789345715,0.6786312313706708,0.026847308571895614,0.49649150458934754
lyc0lh2d,pretrained,frozen,pooled+vn15,pooled+vn15,0,5000,3.5,51,0.0102,0.7339531168240363,0.711109556657674,0.048531072339555434,0.4855795066771778,0.7640487972757329,0.7437113121217171,0.0385699949988514,0.44417711379903463
lyc0lh2d,pretrained,frozen,pooled+vn15@pca32,pooled+vn15@pca32,0,5000,3.5,51,0.0102,0.7178705512500047,0.6975908629587708,0.038320816230574685,0.48794728666658016,0.7166477083512977,0.6874155505308931,0.02430758618686261,0.49005642532153587
lyc0lh2d,pretrained,frozen,pooled@scaled,pooled@scaled,0,5000,3.5,51,0.0102,0.7524672205893912,0.7321405949372044,0.052291068001916796,0.4628568314641645,0.7480481090354358,0.7248614689846867,0.039165643772903005,0.4606013751769269
lyc0lh2d,pretrained,frozen,pooled@scaled@pca32,pooled@scaled@pca32,0,5000,3.5,51,0.0102,0.744287799780675,0.7259269676925931,0.038360736184084476,0.4621873140398255,0.7097528008041454,0.6787888595828782,0.028261274952626286,0.4955541909255784
lyc0lh2d,pretrained,frozen,pooled+randproj,pooled+randproj,0,5000,3.5,51,0.0102,0.7531840996874752,0.7337405366553444,0.049909713335590807,0.4613850798039966,0.7458530693874408,0.7222103303690071,0.039323999568756235,0.46271840866290204
lyc0lh2d,pretrained,frozen,pooled+randproj@pca32,pooled+randproj@pca32,0,5000,3.5,51,0.0102,0.7398149601963138,0.7219634409122626,0.03908532253180681,0.46568854097950674,0.6970499611066132,0.6659096988195543,0.026287027318003003,0.5052989120991799
